acc_x, acc_y, angular_z, stamp, 
0.009278953075408936, -0.003802657127380371, 1.7951489870455095e-06, 1791573242364534417, 
0.0163116455078125, -0.008880555629730225, 2.1941464124837233e-06, 1791573242391696352, 
0.0034986138343811035, 0.014776468276977539, -8.476252980660354e-11, 1791573242420641202, 
0.0032581686973571777, -0.026298820972442627, 3.970945758839071e-06, 1791573242450662320, 
0.0013114213943481445, 0.008071601390838623, 7.70294869877933e-06, 1791573242481614989, 
-0.01849234104156494, 0.0007701516151428223, 3.972526162701968e-06, 1791573242511625895, 
0.0013723969459533691, 0.0007311701774597168, 4.108156076551626e-06, 1791573242540645295, 
-0.009305834770202637, 0.0054288506507873535, 1.9877075966453354e-06, 1791573242701608562, 
-0.00939786434173584, 0.0032845735549926758, 7.918683435888743e-11, 1791573242732864856, 
-0.007418215274810791, 0.01189488172531128, 2.8363063030198807e-11, 1791573242764420975, 
0.005390942096710205, 0.006271183490753174, -3.27847526298291e-11, 1791573242791700397, 
0.007217764854431152, -0.0012570619583129883, -4.2605198510765096e-11, 1791573242821584613, 
-0.0015423893928527832, -0.026525378227233887, -2.6879307550137652e-11, 1791573242851621046, 
0.012882411479949951, -0.01058351993560791, -1.4534077807415019e-11, 1791573242881619187, 
0.01832592487335205, -0.01044243574142456, -1.3894835803481954e-11, 1791573242911619084, 
-0.010487794876098633, 0.029079139232635498, -1.9841011902160955e-06, 1791573242941660502, 
-0.02336055040359497, 0.01124662160873413, -8.482130387235811e-12, 1791573243004335602, 
0.00157928466796875, 0.009331107139587402, 8.383297333832732e-13, 1791573243031640478, 
-0.012802541255950928, -0.0246087908744812, 8.529559905947997e-12, 1791573243061582037, 
0.005026042461395264, -0.00856238603591919, 1.9829519542953632e-06, 1791573243091640769, 
0.024820029735565186, -0.010130822658538818, 1.6580599578030176e-11, 1791573243121583274, 
0.015706777572631836, 0.007887661457061768, 3.124220909153859e-11, 1791573243151676922, 
0.001288294792175293, 0.020475387573242188, 4.1297663465563974e-11, 1791573243181568379, 
0.014891386032104492, -0.003603994846343994, 4.110009075298067e-11, 1791573243391566570, 
-0.019106686115264893, -0.0036545991897583008, 5.7030458695692747e-11, 1791573243421536772, 
0.0010617375373840332, 0.025198519229888916, 5.83819473776522e-11, 1791573243484695575, 
0.002996504306793213, 0.007035791873931885, 9.652046367585894e-11, 1791573243541554677, 
-0.002328038215637207, 0.0034702420234680176, 1.0002808991508376e-10, 1791573243571658401, 
-0.04187345504760742, 0.001652836799621582, -1.994575294039072e-06, 1791573243601540798, 
0.0031711459159851074, 0.012517213821411133, 5.977768221356987e-11, 1791573243631562490, 
0.0013446211814880371, -0.018220067024230957, -1.985767827167595e-06, 1791573243661576909, 
-0.016605794429779053, 0.012141168117523193, 1.3166514712727535e-10, 1791573243692976077, 
0.0030438899993896484, -0.007941663265228271, -1.9006128024274026e-06, 1791573243724333811, 
0.015639960765838623, 0.01703554391860962, 2.389554090873053e-10, 1791573243751671494, 
-0.022034406661987305, 0.009493589401245117, 2.72856258590294e-10, 1791573243781536844, 
0.014056563377380371, -0.019455134868621826, -1.968772289563701e-06, 1791573243811806239, 
-0.009139060974121094, -0.012321650981903076, -2.003285037303747e-06, 1791573243841553466, 
0.00011497735977172852, 0.0020433664321899414, -1.9834031643936183e-06, 1791573243871598066, 
-0.006843626499176025, 0.0003172755241394043, -1.987476036946177e-06, 1791573243901580571, 
-0.021076679229736328, -0.0069487690925598145, 5.072128803686209e-10, 1791573243932871568, 
0.0024257898330688477, -0.03185629844665527, -1.8606228105159106e-06, 1791573243964898450, 
0.002560436725616455, 0.006178677082061768, -2.2258708048362575e-06, 1791573243991671564, 
0.002722620964050293, 0.008359909057617188, -1.9743043315817037e-06, 1791573244021858625, 
0.009987950325012207, -0.011113643646240234, 4.258013490490415e-11, 1791573244051568400, 
0.02095264196395874, -0.02522963285446167, -1.9876182670600446e-06, 1791573244081557643, 
-0.014912843704223633, 0.00011688470840454102, -1.772962426420702e-10, 1791573244111694550, 
-0.02013915777206421, -0.0016502141952514648, -2.2230963358201205e-10, 1791573244141595357, 
-0.0019153952598571777, -0.006987452507019043, -1.9193890713945196e-06, 1791573244172652515, 
0.01434558629989624, 0.023522257804870605, -1.8521433209777954e-06, 1791573244204837545, 
-0.012473583221435547, -0.028464317321777344, -3.191916414122043e-10, 1791573244241531929, 
0.003755033016204834, -0.0013610124588012695, -3.3166338780304425e-10, 1791573244271575541, 
0.010942339897155762, -0.0352555513381958, -1.966308959491442e-06, 1791573244301894467, 
0.010731816291809082, 0.011546134948730469, -4.2009841270774386e-10, 1791573244333326557, 
0.0034807324409484863, 0.011654794216156006, -3.7870065287837703e-10, 1791573244364451698, 
0.014138996601104736, -0.008325695991516113, -3.657485964736178e-10, 1791573244391693568, 
0.017647206783294678, 0.00955343246459961, -2.3405027032019143e-10, 1791573244421830329, 
-0.016788244247436523, 0.007449626922607422, -1.3170447006578914e-10, 1791573244451524313, 
-0.013319015502929688, -0.01229095458984375, -1.986184356510534e-06, 1791573244481534906, 
-0.006274163722991943, -0.008773863315582275, -5.957323608571998e-11, 1791573244511790948, 
0.01964128017425537, 0.00026285648345947266, 0.00019645615034190574, 1791573244541522730, 
1.0437873601913452, 0.16800624132156372, 0.023511842797801462, 1791573244572699840, 
1.1964079141616821, -0.375760018825531, 0.049561994062655185, 1791573244605322768, 
1.4210734367370605, -0.2156631350517273, -0.03087718299186723, 1791573244631566759, 
1.0456358194351196, 0.48349529504776, -0.008498484118932191, 1791573244661491984, 
0.32162076234817505, -0.03374749422073364, 0.007070841260474478, 1791573244691529822, 
-0.18384647369384766, -0.4535159468650818, -0.021482367447475868, 1791573244721532307, 
-0.4169023036956787, 0.2400590181350708, -0.05123803440842231, 1791573244751520388, 
-0.11545681953430176, -0.1207280158996582, -0.059608019899378174, 1791573244781508977, 
-0.1511254906654358, 0.008149981498718262, -0.014798893261070457, 1791573244812659032, 
0.24443787336349487, 0.2139214277267456, 0.04248822790842466, 1791573244844944909, 
-0.07670861482620239, -0.12476140260696411, 0.06961865607334447, 1791573244871597969, 
0.5921273231506348, -0.21385812759399414, 0.05541810982038341, 1791573244901503472, 
0.0652306079864502, -0.0007138848304748535, 0.0037540186000847553, 1791573244931547324, 
0.20015275478363037, 0.04897218942642212, -0.024448702390480286, 1791573244961520525, 
0.20921087265014648, 0.12824559211730957, -0.0063756817374369, 1791573244991513702, 
0.1597169041633606, -0.23189550638198853, 0.013639873429066515, 1791573245021490885, 
0.46677684783935547, 0.257731556892395, -0.018342304033438096, 1791573245052952826, 
0.12611526250839233, -0.033575236797332764, -0.007945759942063101, 1791573245084575540, 
-0.4191136360168457, -0.16665786504745483, 0.0012536420929964206, 1791573245111578538, 
-0.04855966567993164, 0.06999325752258301, 0.0033781843428255373, 1791573245141504618, 
0.407966673374176, 0.0292319655418396, -0.005365956371708979, 1791573245171522773, 
0.5201311707496643, 0.0051628947257995605, 0.004467958610884531, 1791573245201499615, 
-0.14241552352905273, -0.1932430863380432, 0.01149839852830394, 1791573245231521484, 
0.04192042350769043, 0.32213371992111206, -0.01601419017069719, 1791573245261503680, 
-0.10752707719802856, -0.010181844234466553, 0.0007344038633423894, 1791573245292120276, 
-0.25106215476989746, -0.1752578616142273, -0.00022996098591957008, 1791573245324721766, 
-0.039649248123168945, -0.10479992628097534, 0.018946224783011424, 1791573245351799989, 
0.1754589080810547, 0.4038102626800537, -0.018895964452031497, 1791573245381509893, 
0.57358717918396, -0.18090736865997314, 9.340924295971212e-05, 1791573245404829661, 
-0.4101981520652771, -0.0947180986404419, 0.016344406935402126, 1791573245431551428, 
0.7070763111114502, 0.057858824729919434, 0.022932133003535596, 1791573245461462715, 
-0.49829429388046265, 0.06406939029693604, 0.014110084741617885, 1791573245491474842, 
0.20060670375823975, -0.10800164937973022, 0.022650575747170908, 1791573245521485890, 
-0.275296688079834, 0.14438188076019287, 0.0012512361060310244, 1791573245551523217, 
0.07901561260223389, 0.027366280555725098, -0.013230871678205877, 1791573245581495517, 
-0.6913028359413147, -0.3342353105545044, -0.02413522014102776, 1791573245613346637, 
0.10000497102737427, 0.08862334489822388, 0.013739298309359379, 1791573245644620283, 
-0.014661908149719238, 0.24435454607009888, -0.006626808354959399, 1791573245671662722, 
0.02963012456893921, -0.14017409086227417, -0.003716798415397031, 1791573245701752261, 
0.11373633146286011, 0.014268994331359863, 0.010438421203035874, 1791573245731549154, 
0.2734910845756531, 0.07001245021820068, -0.007998436141315055, 1791573245761493958, 
-0.1456865668296814, 0.13449937105178833, -0.0078232945274171, 1791573245791491733, 
0.28604352474212646, -0.17762154340744019, -0.020092810214717014, 1791573245821527668, 
-0.24903976917266846, -0.13050800561904907, -0.003607448684447165, 1791573245852605987, 
0.010812699794769287, 0.032011210918426514, 0.02095342288827147, 1791573245884873415, 
0.19685149192810059, -0.052150070667266846, 0.0037676530511955328, 1791573245911487640, 
-0.22522854804992676, 0.3788526654243469, 0.0010185020744434233, 1791573245941488556, 
0.48819655179977417, -0.16565710306167603, -0.003662755083476697, 1791573245971517698, 
0.4150314927101135, -0.3360268473625183, 0.009597230699969008, 1791573246001466624, 
-0.44959068298339844, 0.5653034448623657, 0.027606661159419395, 1791573246031482771, 
0.4772214889526367, 0.12309461832046509, 0.012116475110366887, 1791573246061477572, 
-0.1454300880432129, -0.5052595138549805, 0.014560881490633962, 1791573246093201637, 
0.7596328258514404, 0.562373697757721, 0.008842193062366804, 1791573246125046062, 
-0.5312447547912598, 0.0319252610206604, -0.0031721072552307983, 1791573246151512174, 
0.329990029335022, -0.8363490104675293, 0.008233624496795048, 1791573246181486418, 
-0.039114952087402344, 0.4155768156051636, 0.00027980258144616265, 1791573246211491080, 
0.08147341012954712, 0.7551263570785522, 0.00418929861249268, 1791573246241461432, 
0.2015700340270996, -0.6245127320289612, -0.013135004731374588, 1791573246271508393, 
0.3679073452949524, -0.5205531120300293, -0.02450652979862293, 1791573246301465190, 
-0.07323688268661499, 0.8804245591163635, -0.010838992371423694, 1791573246332714147, 
0.52301025390625, 0.15417242050170898, -0.0015098621773737412, 1791573246364844109, 
-0.45916223526000977, -0.44876629114151, 0.010330652862566382, 1791573246391541177, 
0.4076889157295227, -0.5144104361534119, -0.00504686898754055, 1791573246421457413, 
0.2881854772567749, 0.44838082790374756, 0.007114481577354236, 1791573246451501394, 
-0.04716205596923828, 0.5798771977424622, -0.0021101532122426154, 1791573246481441989, 
0.17859196662902832, 0.10097348690032959, 0.010112536286029816, 1791573246511485674, 
-0.3807365298271179, -0.3548394441604614, -0.022235253991447504, 1791573246541470722, 
0.5740994811058044, -0.3926631212234497, -0.014009210884956488, 1791573246573143743, 
-0.14900994300842285, 0.12471264600753784, 0.0036244691436622426, 1791573246604795755, 
-0.16076093912124634, 0.45766639709472656, 0.01646500593713091, 1791573246631576726, 
-0.29786622524261475, 0.11535042524337769, 0.0022959965124600646, 1791573246661442920, 
-0.1413758397102356, -0.07189923524856567, -0.012256323925871043, 1791573246691429982, 
0.2505428194999695, -0.28148674964904785, -0.014589296243735004, 1791573246721425266, 
0.10409951210021973, -0.13750159740447998, 0.013201976192037036, 1791573246751418495, 
0.06457102298736572, -0.10852903127670288, 0.02268034805939369, 1791573246781470277, 
-0.3755829334259033, 0.4280390739440918, -0.0038479366568550527, 1791573246812752017, 
0.9815612435340881, 0.2009076476097107, -0.019844188575280853, 1791573246845354603, 
-0.5352596044540405, 0.46968477964401245, 0.03654143038806219, 1791573246871136889, 
0.03717911243438721, 0.08820724487304688, 0.03241013915336142, 1791573246901436086, 
-0.2440064549446106, -0.07566916942596436, 0.023995155171347118, 1791573246931412789, 
-0.15739977359771729, -0.45140886306762695, -0.0069006515522703335, 1791573246961417865, 
0.009049773216247559, 0.0757591724395752, -0.026929168598526072, 1791573246991459950, 
0.025158941745758057, -0.6288634538650513, -0.008090192544809563, 1791573247021494390, 
-0.04880118370056152, -0.17918461561203003, -0.006014948853469234, 1791573247052973951, 
-0.12698864936828613, -0.06011873483657837, 0.011670375735389272, 1791573247084870807, 
-0.29280805587768555, -0.27564537525177, 0.006578945019951489, 1791573247111497721, 
0.4845813512802124, -0.08231127262115479, 0.011636060055928179, 1791573247141458229, 
0.08020836114883423, -0.32757049798965454, 0.02737954616810703, 1791573247171437051, 
0.230368971824646, -0.5138802528381348, 0.03149865421618671, 1791573247201463647, 
0.2056877613067627, -0.2538239359855652, 0.016320886528822975, 1791573247231476583, 
0.19964736700057983, -0.25080740451812744, -0.006050386286189337, 1791573247261486977, 
0.5035510063171387, -0.1429305076599121, -0.038508691741183834, 1791573247292103309, 
-0.18098843097686768, -0.4243547320365906, 0.0013516777838808842, 1791573247324851548, 
0.6299012303352356, -0.25767427682876587, 0.01906427799414355, 1791573247351461230, 
-0.30062156915664673, -0.03355681896209717, -0.016714076747598675, 1791573247381426904, 
0.1451513171195984, -0.29556804895401, -0.03561336043236366, 1791573247405289561, 
0.6471623778343201, 0.24809396266937256, 0.036638533345106764, 1791573247441446627, 
-0.029435038566589355, 0.11137205362319946, 0.03120166180975358, 1791573247471480865, 
-0.32507890462875366, -0.14520108699798584, 0.0008593554574441724, 1791573247501453321, 
-0.08928805589675903, 0.5514166951179504, 0.03267079613450178, 1791573247533557415, 
0.15125977993011475, 0.2756813168525696, 0.027398730747980136, 1791573247564646613, 
-0.15757596492767334, -0.22175973653793335, -0.030766909521748268, 1791573247591462339, 
-0.7022885680198669, 0.43295150995254517, -0.02521785119278725, 1791573247621436486, 
0.32668280601501465, -0.7169313430786133, -0.01926953741034244, 1791573247651432967, 
-0.7446657419204712, -0.5213326215744019, -0.013054550583996691, 1791573247681463799, 
0.510206937789917, 0.3407013416290283, -0.012272203277820203, 1791573247711445164, 
0.09621059894561768, -0.38945138454437256, -0.006974277848033161, 1791573247741469245, 
0.26698386669158936, 0.48497283458709717, -0.0005182764731319479, 1791573247772965025, 
0.2429414987564087, 0.7684358358383179, 0.010521432735804467, 1791573247804775213, 
-0.0695425271987915, -0.36662548780441284, 0.008482073634029624, 1791573247831460430, 
-0.26890647411346436, -0.30438125133514404, 0.008805973518103727, 1791573247861439432, 
0.3102508783340454, -0.045503079891204834, -0.0016905768162250366, 1791573247891446713, 
-0.5254250168800354, -0.387908399105072, -0.019839246367062094, 1791573247921415649, 
-0.22702544927597046, -0.3146241307258606, -0.013286666555120567, 1791573247951441230, 
0.7542414665222168, 0.5215100646018982, 0.0004230725022195165, 1791573247981406503, 
-0.2045363187789917, 0.6028457283973694, -0.0026721223132728654, 1791573248012124081, 
0.17399507761001587, -0.6721076369285583, -0.018538166427551753, 1791573248045083366, 
0.20348310470581055, 0.09755450487136841, -0.016491325402807785, 1791573248071526910, 
0.12370061874389648, 0.2645992636680603, -0.03354372469775957, 1791573248101442447, 
-0.09052449464797974, -0.14727306365966797, -0.02542105409767459, 1791573248131437516, 
-0.336453914642334, -0.10147583484649658, -0.02946701203541869, 1791573248161391861, 
-0.45620399713516235, -0.06969255208969116, -0.033402056065086935, 1791573248191401312, 
-0.4564613699913025, 0.16136980056762695, -0.03309328767710949, 1791573248221444520, 
0.35187864303588867, -0.13157695531845093, -0.03807771899635839, 1791573248252843127, 
-0.1267387866973877, -0.14870405197143555, -0.04128417965784537, 1791573248284701816, 
-0.04811382293701172, 0.4158974289894104, -0.03479604301742962, 1791573248311534290, 
-0.11180329322814941, -0.01175236701965332, -0.018225042406908948, 1791573248341429097, 
-0.6040752530097961, -0.43402183055877686, -0.008576808770947061, 1791573248371475327, 
0.7088460326194763, 0.31835615634918213, -0.006193766215838681, 1791573248401470146, 
-0.7221593260765076, -0.10519993305206299, -0.03529134016321388, 1791573248431532613, 
0.256333589553833, 0.3324887156486511, -0.01626948026605177, 1791573248461442940, 
-0.042759597301483154, -0.3429826498031616, -0.01678555182814129, 1791573248493268407, 
-0.410744309425354, -0.6099146604537964, -0.016418589831182977, 1791573248524184651, 
-0.03891557455062866, 0.719556987285614, 0.0008757974744913091, 1791573248551499645, 
-0.5184096097946167, 0.2697071433067322, -0.01683864438171731, 1791573248581388740, 
-0.04223150014877319, 0.10980331897735596, -0.029223992328389924, 1791573248604294086, 
-0.14487695693969727, 0.4964383840560913, -0.030156122923428234, 1791573248631469315, 
-0.3344603180885315, -0.11139702796936035, -0.0029811355833029097, 1791573248661410303, 
0.12029343843460083, -0.3209417462348938, -0.0035319516494257117, 1791573248691411034, 
-0.6527029275894165, -0.062302231788635254, -0.005197078490644237, 1791573248721412920, 
-0.32264816761016846, 0.49266868829727173, -0.021994859104659686, 1791573248751417342, 
0.2094225287437439, -0.18044531345367432, -0.03591705961392293, 1791573248781435795, 
-0.17685562372207642, -0.14455807209014893, -0.02116453571644913, 1791573248813497905, 
-0.4715311527252197, -0.09808528423309326, -0.019847518824829522, 1791573248843998969, 
0.09214448928833008, 0.018628954887390137, -0.019962739952772066, 1791573248871468246, 
-0.18846386671066284, 0.06906670331954956, -0.010292066418930143, 1791573248901410250, 
-0.6218199729919434, -0.06315118074417114, -0.0034833133971200005, 1791573248931435768, 
0.46262747049331665, 0.03815507888793945, -0.019842920064958736, 1791573248961399754, 
-0.6322040557861328, -0.30349576473236084, -0.04404800590545512, 1791573248991413424, 
-0.4395628571510315, -0.09986907243728638, -0.02611970560521059, 1791573249021389359, 
0.2574940323829651, 0.9311181902885437, -0.019339236781895378, 1791573249052902301, 
-0.2143840193748474, 0.2226991057395935, -0.02332356379255133, 1791573249084615433, 
-0.007885634899139404, -0.9979257583618164, -0.029587303795814302, 1791573249111423375, 
-0.08878237009048462, -0.06721502542495728, -0.03360396165474003, 1791573249141397351, 
-0.3227701783180237, 0.1993788480758667, -0.02590046707841042, 1791573249171405484, 
-0.26858609914779663, 0.824312686920166, -0.008780444704365795, 1791573249201386778, 
-0.1965423822402954, -0.28787463903427124, -0.020232764146773788, 1791573249231373627, 
-0.4125664234161377, -0.9154379367828369, -0.03925987152249633, 1791573249261347468, 
0.15043598413467407, 0.10558414459228516, -0.05027338140340698, 1791573249292857318, 
0.10544425249099731, 0.5164607763290405, -0.05566207389311154, 1791573249324336948, 
-0.1530914306640625, 0.08482056856155396, -0.022585335260808966, 1791573249351434775, 
-0.12936222553253174, 0.006955564022064209, -0.008288812219722701, 1791573249381361543, 
0.16894769668579102, -0.7065309882164001, -0.03485654843899954, 1791573249411404887, 
-0.37024980783462524, 0.09914708137512207, 0.006607068578589063, 1791573249441370119, 
0.6191975474357605, 0.47579872608184814, -0.023646377117021774, 1791573249471381083, 
0.04296189546585083, 0.10129719972610474, -0.03508907375677446, 1791573249501391237, 
-0.30416810512542725, -0.315900981426239, -0.015959345153769216, 1791573249533211031, 
-0.5813824534416199, -0.6495834589004517, -0.017370709200943957, 1791573249564042846, 
0.6946097016334534, 0.5649853348731995, -0.02980260517850487, 1791573249591431799, 
-0.2861437201499939, 0.641618013381958, -0.04701381838947059, 1791573249621352606, 
-0.03925156593322754, -0.33611148595809937, -0.0441988216426485, 1791573249651375198, 
0.5141202211380005, -0.09301656484603882, -0.012444677931014279, 1791573249681363532, 
-0.21587979793548584, -0.6295064091682434, -0.016213894215279325, 1791573249711446775, 
-0.17735010385513306, 0.42343729734420776, -0.02239623507664814, 1791573249741447475, 
-0.5635140538215637, -0.24073392152786255, -0.027400756894418076, 1791573249773510479, 
0.010712862014770508, 0.35952228307724, -0.04125270020493444, 1791573249803831155, 
-0.225355863571167, -0.20159286260604858, -0.035324014418781406, 1791573249831646585, 
-0.17427271604537964, 0.2897813320159912, -0.02699035185149464, 1791573249861580126, 
0.10959291458129883, 0.47624051570892334, -0.041776642428173, 1791573249884915438, 
0.11009645462036133, -0.5024130940437317, -0.03737764105891584, 1791573249921386605, 
0.06686562299728394, 0.15007632970809937, -0.0165841691778543, 1791573249951391597, 
-0.015584111213684082, 0.11730855703353882, -0.004975195044813448, 1791573249981776823, 
-0.23406982421875, 0.3190631866455078, 0.004309655264229027, 1791573250013172164, 
-0.5756548047065735, 0.006413757801055908, -0.030691258205570195, 1791573250044423712, 
0.12309175729751587, -0.19626879692077637, -0.05748314943043923, 1791573250071565727, 
-0.1717786192893982, -0.5412673950195312, -0.056690849259231284, 1791573250101345655, 
0.2476908564567566, 0.49158775806427, -0.0517006578378271, 1791573250131428759, 
-0.2857987880706787, 0.3676561713218689, -0.023126163683979732, 1791573250161356122, 
-0.4407637119293213, -0.48743706941604614, -0.014372629055373442, 1791573250191495276, 
-0.26297688484191895, 0.154433012008667, -0.036655565896689335, 1791573250221367647, 
-0.07726049423217773, 0.11795550584793091, -0.012671903044865587, 1791573250253027471, 
0.014999091625213623, -0.1848362684249878, 0.00825640424720762, 1791573250284862034, 
-0.4913528561592102, -0.11439281702041626, -0.015606230751440702, 1791573250311377102, 
0.22870832681655884, 0.2796124219894409, -0.016587683640143677, 1791573250341352654, 
-0.2874746322631836, 0.1666487455368042, -0.029604182440033613, 1791573250371373949, 
0.12562209367752075, -0.5937891006469727, -0.04927179138682465, 1791573250401370001, 
-0.2831442356109619, -0.3505139946937561, -0.04253194272714003, 1791573250431345974, 
0.27643096446990967, 0.5666316151618958, -0.050637832072910754, 1791573250462244760, 
0.005393803119659424, 0.09200096130371094, -0.03401933337293743, 1791573250493527484, 
-0.1855921745300293, -0.05622053146362305, -0.013837016676758457, 1791573250523637715, 
-0.46766096353530884, -0.6038236021995544, -0.03327067056650596, 1791573250551756286, 
-0.2946624755859375, 0.05566340684890747, -0.026796645069514246, 1791573250581453671, 
-0.10369163751602173, -1.2347337007522583, -0.022446557989134648, 1791573250604367831, 
0.08118820190429688, 0.010791301727294922, -0.03312480938643031, 1791573250641669887, 
-0.2578415870666504, 0.15849405527114868, -0.0315229428060886, 1791573250671374976, 
-0.19719558954238892, -0.22524553537368774, -0.03489867335945929, 1791573250701428170, 
-0.2634047865867615, -0.6650720238685608, -0.027889962724959, 1791573250733424701, 
-0.27773892879486084, 0.3851776123046875, -0.019101040943178958, 1791573250763994116, 
0.25974202156066895, 0.917896568775177, -0.022589721237855274, 1791573250791414826, 
-0.08612722158432007, -0.3329768776893616, -0.015722516450786313, 1791573250821365212, 
-0.5453332662582397, -0.6956062316894531, -0.013886553727712801, 1791573250851333897, 
0.34557294845581055, -0.03517276048660278, -0.031849964718385915, 1791573250881321501, 
-0.36531829833984375, 0.7669320106506348, -0.007031368363521918, 1791573250911360925, 
-0.2952650189399719, 0.33850806951522827, -0.02380928475610036, 1791573250941528603, 
-0.010547280311584473, -1.3140037059783936, -0.049234376256981426, 1791573250973663389, 
0.17122197151184082, -0.17529535293579102, -0.01705515224258968, 1791573251004509604, 
-0.11327654123306274, 0.6595765948295593, -0.025393143038592737, 1791573251031394836, 
0.4584251046180725, 0.7012845873832703, -0.03625791807740822, 1791573251061413133, 
-0.22242140769958496, -0.5893667936325073, -0.03804631228068204, 1791573251091383321, 
0.08233177661895752, 0.259895920753479, -0.023780991582515062, 1791573251121576050, 
-0.17516100406646729, 1.0208244323730469, -0.005336615722896791, 1791573251151521347, 
0.04127556085586548, -0.13081753253936768, -0.013835930916908946, 1791573251181451187, 
-0.2931966185569763, -1.0109539031982422, -0.04198605430038789, 1791573251213257583, 
0.7440989017486572, 0.18418270349502563, -0.025284263659402843, 1791573251243304387, 
-0.3727038502693176, 0.7151760458946228, -0.023993990465122052, 1791573251271403466, 
0.4651481509208679, -0.4053586721420288, -0.010419303202978784, 1791573251301325590, 
-0.15451020002365112, -0.4256020188331604, 0.045733484235987255, 1791573251331307295, 
-0.3691475987434387, 0.242015540599823, 0.016334944552017124, 1791573251361325713, 
0.4742774963378906, 0.12834042310714722, -0.01951777864634081, 1791573251391347679, 
-0.02917259931564331, 0.23809748888015747, -0.028661927089917848, 1791573251421387029, 
0.30768197774887085, -0.28007423877716064, -0.039395541870040116, 1791573251453268118, 
-0.37031662464141846, -0.12551653385162354, -0.027840709296226614, 1791573251484147039, 
-0.012710094451904297, -0.6138144135475159, -0.030912147182356176, 1791573251511371688, 
0.3301883339881897, 0.19432437419891357, -0.008631730860552373, 1791573251541304188, 
0.14591866731643677, 0.699848473072052, -0.010246261810870683, 1791573251571319608, 
0.5737882852554321, -0.07282227277755737, -0.028464986359316224, 1791573251601334711, 
-0.5007780194282532, -0.4923623204231262, -0.03280433399140781, 1791573251631325344, 
0.4200221300125122, -0.16056787967681885, -0.01751328746548606, 1791573251661345174, 
-0.14664781093597412, 0.5534195303916931, -0.020733108096078392, 1791573251693421204, 
-0.03603935241699219, 0.08935147523880005, -0.03256575839898047, 1791573251724068478, 
-0.3550196886062622, -0.6560618281364441, -0.03051014865820877, 1791573251751348532, 
1.1658979654312134, -0.25649333000183105, -0.03730114096418859, 1791573251781325478, 
0.10436093807220459, 0.24815690517425537, -0.018610555664301906, 1791573251811317395, 
-0.19221621751785278, 0.32620906829833984, -0.0230517850345461, 1791573251841357598, 
-0.08022195100784302, -0.23239612579345703, -0.03809811510914634, 1791573251871342697, 
-0.5693598985671997, -0.008874177932739258, -0.03498994959893663, 1791573251901333696, 
0.21606236696243286, 0.3802313208580017, -0.04492758347413111, 1791573251933005860, 
0.028847873210906982, -0.38692325353622437, -0.00585268462588473, 1791573251963993562, 
-0.41771262884140015, 0.0520399808883667, 0.010198951649309356, 1791573251991356055, 
0.5470553040504456, 0.11482393741607666, -0.03671212014183505, 1791573252021323627, 
-0.8331890106201172, 0.22142189741134644, -0.050784350414335565, 1791573252051302800, 
0.057422935962677, -0.1647106409072876, -0.051925043707807116, 1791573252081321068, 
0.36257827281951904, -0.47072941064834595, -0.03934774034626045, 1791573252111334839, 
0.13061678409576416, -0.1538068652153015, -0.023304827470026858, 1791573252141482427, 
-0.653140127658844, 0.7148764729499817, -0.017813789075526658, 1791573252172096500, 
0.22660475969314575, -0.1261349320411682, -0.026648288589241585, 1791573252204065923, 
-0.07121562957763672, -0.056151390075683594, -0.022372146643483675, 1791573252231337212, 
-0.33782416582107544, -0.04000198841094971, -0.024942215703676298, 1791573252261304624, 
0.3144874572753906, -0.24129366874694824, -0.018299769110346288, 1791573252291305918, 
0.22231906652450562, 0.0950116515159607, -0.020722314923642304, 1791573252321310823, 
-0.43667733669281006, 0.4119911193847656, -0.027503093571802924, 1791573252351308750, 
0.25436991453170776, -0.05767792463302612, -0.008083750194789014, 1791573252381320072, 
-0.6498546004295349, -0.2420322299003601, -0.0031297803532413645, 1791573252412115327, 
0.582960307598114, -0.4751597046852112, -0.02615207616343866, 1791573252444054569, 
-0.7733474969863892, -0.13103145360946655, -0.01466077329043105, 1791573252471531122, 
0.193456768989563, -0.576628565788269, -0.027857573708839435, 1791573252501446475, 
-0.24351894855499268, -0.234083354473114, -0.06334330782108046, 1791573252531292261, 
0.14718294143676758, 0.79570072889328, -0.06331818112140128, 1791573252561323138, 
-0.2920258641242981, 0.03988915681838989, -0.040261866519239256, 1791573252591327267, 
-0.2600805163383484, -0.4157198667526245, -0.023843089598512234, 1791573252621328659, 
-0.002528965473175049, 0.12370795011520386, -0.029348843209331593, 1791573252653508693, 
-0.2868550419807434, -0.01606762409210205, -0.04376787289988725, 1791573252683252934, 
0.38090384006500244, 0.3302016854286194, -0.0015826772358495697, 1791573252711318580, 
-0.4036408066749573, 0.11795330047607422, 0.0005450000526848962, 1791573252741302201, 
-0.2704448699951172, -0.44944095611572266, -0.014739275055867876, 1791573252771373805, 
0.14683711528778076, -0.1364336609840393, -0.019597903608123718, 1791573252801319394, 
-0.2357025146484375, 0.1052849292755127, -0.021751151978074854, 1791573252831360832, 
0.47795671224594116, 0.5476192235946655, -0.036999801605451466, 1791573252861564257, 
-0.3720685839653015, 0.059194743633270264, -0.03469310105237988, 1791573252893252571, 
0.5511021018028259, -0.3890383839607239, -0.022096293671629182, 1791573252924162230, 
-0.4705864191055298, -0.23478931188583374, -0.001001792501863632, 1791573252951314999, 
-0.2955983281135559, 0.4379778504371643, -0.0031329755977010034, 1791573252981283455, 
0.46869415044784546, 0.709406852722168, -0.006217174592129626, 1791573253011293097, 
-0.6186541318893433, -0.77158123254776, -0.030344941305166972, 1791573253041308965, 
0.22374486923217773, -0.7431706190109253, -0.03341863884343742, 1791573253071324569, 
0.10421955585479736, 0.5793224573135376, -0.039130693461817, 1791573253101555340, 
-0.0813366174697876, 0.12729495763778687, -0.04055596047256197, 1791573253133242134, 
-0.04539191722869873, -0.22486793994903564, -0.04275615913800299, 1791573253163858343, 
0.1934533715248108, 0.1108018159866333, -0.015250037901911035, 1791573253191351669, 
