x, y, th, stamp, 
-1.4672175645828247, 0.2660098969936371, -2.1406369229941915, 1791572145165449737, 
-1.4672175645828247, 0.2660098969936371, -2.1406369229941915, 1791572145213438705, 
-1.4672175645828247, 0.2660098969936371, -2.1406369229941915, 1791572145261323964, 
-1.4672175645828247, 0.2660098969936371, -2.1406369229941915, 1791572145325665628, 
-1.4672175645828247, 0.2660098969936371, -2.1406369229941915, 1791572145357535341, 
-1.4672175645828247, 0.2660098969936371, -2.1406369229941915, 1791572145422148251, 
-1.4672175645828247, 0.2660098969936371, -2.1406369229941915, 1791572145469472031, 
-1.4672175645828247, 0.2660098969936371, -2.1406369229941915, 1791572145517510341, 
-1.4672175645828247, 0.2660098969936371, -2.1406369229941915, 1791572145565437837, 
-1.4672175645828247, 0.2660098969936371, -2.1406369229941915, 1791572145661330273, 
-1.4672175645828247, 0.2660098969936371, -2.1406369229941915, 1791572145709319980, 
-1.4672175645828247, 0.2660098969936371, -2.1406369229941915, 1791572145757589677, 
-1.4672175645828247, 0.2660098969936371, -2.1406369229941915, 1791572145821468867, 
-1.4672175645828247, 0.2660098969936371, -2.1406369229941915, 1791572145869482921, 
-1.4672175645828247, 0.2660098969936371, -2.1406369229941915, 1791572145917472963, 
-1.4672175645828247, 0.2660098969936371, -2.1406369229941915, 1791572145965461558, 
-1.4672175645828247, 0.2660098969936371, -2.1406369229941915, 1791572146013458272, 
-1.4672175645828247, 0.2660098969936371, -2.1406369229941915, 1791572146221493889, 
-1.4672175645828247, 0.2660098969936371, -2.1406369229941915, 1791572146269482565, 
-1.4672175645828247, 0.2660098969936371, -2.1406369229941915, 1791572146317513470, 
-1.4672175645828247, 0.2660098969936371, -2.1406369229941915, 1791572146365453314, 
-1.4672175645828247, 0.2660098969936371, -2.1406369229941915, 1791572146413443836, 
-1.4672175645828247, 0.2660098969936371, -2.1406369229941915, 1791572146461349808, 
-1.4672175645828247, 0.2660098969936371, -2.1406369229941915, 1791572146509592133, 
-1.4672175645828247, 0.2660098969936371, -2.1406369229941915, 1791572146557470723, 
-1.4672175645828247, 0.2660098969936371, -2.1406369229941915, 1791572146605247523, 
-1.4672175645828247, 0.2660098969936371, -2.1406369229941915, 1791572146669484880, 
-1.4672175645828247, 0.2660098969936371, -2.1406369229941915, 1791572146717485027, 
-1.4672175645828247, 0.2660098969936371, -2.1406369229941915, 1791572146765465010, 
-1.4672175645828247, 0.2660098969936371, -2.1406369229941915, 1791572146813444071, 
-1.4672175645828247, 0.2660098969936371, -2.1406369229941915, 1791572146861365153, 
-1.4672175645828247, 0.2660098969936371, -2.1406369229941915, 1791572146910343529, 
-1.4672175645828247, 0.2660098969936371, -2.1406369229941915, 1791572146957451041, 
-1.4672175645828247, 0.2660098969936371, -2.1406369229941915, 1791572147021134679, 
-1.4672175645828247, 0.2660098969936371, -2.1406369229941915, 1791572147069423870, 
-1.4672175645828247, 0.2660098969936371, -2.1406369229941915, 1791572147117457686, 
-1.4672175645828247, 0.2660098969936371, -2.1406369229941915, 1791572147165469962, 
-1.4672175645828247, 0.2660098969936371, -2.1406369229941915, 1791572147213416651, 
-1.4672175645828247, 0.2660098969936371, -2.1406369229941915, 1791572147261409441, 
-1.4672175645828247, 0.2660098969936371, -2.1406369229941915, 1791572147309579617, 
-1.467422604560852, 0.2659374475479126, -2.1389975576830653, 1791572147373456587, 
-1.4688128232955933, 0.26363781094551086, -2.1319421470768076, 1791572147421416135, 
-1.4713470935821533, 0.2594684660434723, -2.12168730927145, 1791572147469398059, 
-1.4741592407226562, 0.254901647567749, -2.10982045594625, 1791572147517410029, 
-1.476667881011963, 0.250522255897522, -2.09863992615284, 1791572147565391375, 
-1.479224681854248, 0.24659386277198792, -2.0878738911036825, 1791572147613404607, 
-1.4813278913497925, 0.24247707426548004, -2.076446973152592, 1791572147661427332, 
-1.4834938049316406, 0.23839733004570007, -2.0628510336625365, 1791572147709963413, 
-1.4864858388900757, 0.23297274112701416, -2.0455422143002457, 1791572147773580586, 
-1.488377332687378, 0.22871920466423035, -2.0330554261170986, 1791572147822068435, 
-1.4905201196670532, 0.2246278077363968, -2.020793845089929, 1791572147869384618, 
-1.492474913597107, 0.2205878496170044, -2.0088668619436083, 1791572147917387391, 
-1.4942904710769653, 0.21648702025413513, -1.996841846004732, 1791572147965396463, 
-1.4960569143295288, 0.21215349435806274, -1.9847447853070157, 1791572148013387211, 
-1.4979389905929565, 0.2078704535961151, -1.972203878792259, 1791572148062446179, 
-1.4996910095214844, 0.2038489133119583, -1.9589231017517006, 1791572148109682504, 
-1.5011322498321533, 0.19984009861946106, -1.9459380734625988, 1791572148157824938, 
-1.5033867359161377, 0.19421428442001343, -1.9292695631559271, 1791572148221430724, 
-1.505107045173645, 0.1896384060382843, -1.9182151978493325, 1791572148269371545, 
-1.5064958333969116, 0.1854282170534134, -1.9063321346168727, 1791572148317371389, 
-1.5080524682998657, 0.18104976415634155, -1.8924272610094721, 1791572148365364485, 
-1.5095595121383667, 0.1767045110464096, -1.880026334963429, 1791572148413371247, 
-1.5109305381774902, 0.17246708273887634, -1.8689710207823556, 1791572148461451311, 
-1.5121405124664307, 0.16808125376701355, -1.8569977197626002, 1791572148509104891, 
-1.5133861303329468, 0.1636057049036026, -1.8443623902144601, 1791572148557178784, 
-1.5148066282272339, 0.15763364732265472, -1.828015319924522, 1791572148621390356, 
-1.5158066749572754, 0.153248131275177, -1.815023900031144, 1791572148669408103, 
-1.5170341730117798, 0.14868931472301483, -1.8030667624868735, 1791572148717378747, 
-1.5180078744888306, 0.1440456509590149, -1.7912395509433376, 1791572148766355387, 
-1.5188312530517578, 0.1396154910326004, -1.7786233864526286, 1791572148813356654, 
-1.5198906660079956, 0.13506466150283813, -1.7654976103557687, 1791572148861467751, 
-1.520648717880249, 0.13065704703330994, -1.7536151815318333, 1791572148909263785, 
-1.5213156938552856, 0.12626808881759644, -1.741662187108391, 1791572148957622482, 
-1.5224262475967407, 0.120171919465065, -1.7257318589031199, 1791572149021439892, 
-1.5230863094329834, 0.11557939648628235, -1.7146803269032345, 1791572149069500450, 
-1.523593783378601, 0.11118985712528229, -1.701688804174755, 1791572149117367900, 
-1.52413809299469, 0.10663813352584839, -1.6893148022346536, 1791572149165732297, 
-1.5246156454086304, 0.10209323465824127, -1.6780383579731564, 1791572149213356708, 
-1.52495539188385, 0.09749201685190201, -1.6664773009796436, 1791572149261458024, 
-1.5252381563186646, 0.09303997457027435, -1.654739813180302, 1791572149309812010, 
-1.5256427526474, 0.08859764784574509, -1.6431378481457652, 1791572149357642804, 
-1.5258457660675049, 0.08244021981954575, -1.6267654376183351, 1791572149422150805, 
-1.5259960889816284, 0.07799039036035538, -1.6140784993484238, 1791572149469617486, 
-1.5261796712875366, 0.07337254285812378, -1.6016183562729214, 1791572149517738055, 
-1.52610182762146, 0.06878986954689026, -1.5896104746422726, 1791572149565357770, 
-1.5260330438613892, 0.06427813321352005, -1.5779651049234398, 1791572149613356866, 
-1.5260193347930908, 0.059678904712200165, -1.566114785644948, 1791572149661488148, 
-1.525882363319397, 0.055176448076963425, -1.5540875171637505, 1791572149709875635, 
-1.525484561920166, 0.04917372018098831, -1.5372266267864942, 1791572149773177144, 
-1.5253143310546875, 0.04434174671769142, -1.524821233243963, 1791572149821375314, 
-1.5250948667526245, 0.04000290855765343, -1.5130604029252905, 1791572149869385808, 
-1.5246508121490479, 0.03556818515062332, -1.5013750200890166, 1791572149918493272, 
-1.52434241771698, 0.031089840456843376, -1.489552483224448, 1791572149965361006, 
-1.5239477157592773, 0.02649969421327114, -1.4777320244139918, 1791572150013924087, 
-1.5234336853027344, 0.0218641459941864, -1.4658114776085225, 1791572150061461425, 
-1.522862195968628, 0.017280684784054756, -1.4540745722095894, 1791572150110472854, 
-1.5222777128219604, 0.013045140542089939, -1.4424148940807615, 1791572150157497959, 
-1.521209478378296, 0.0072250389494001865, -1.4269459758630434, 1791572150221506767, 
-1.5205047130584717, 0.002765666926279664, -1.4142287810077498, 1791572150269379110, 
-1.5199487209320068, -0.0018647618126124144, -1.4019479970098037, 1791572150317683100, 
-1.5189648866653442, -0.0065741767175495625, -1.3902800373213797, 1791572150365377518, 
-1.518002986907959, -0.011283441446721554, -1.3770335786231176, 1791572150415461499, 
-1.5173249244689941, -0.01552953477948904, -1.3649468105477844, 1791572150461364869, 
-1.5162622928619385, -0.019961152225732803, -1.353578152956539, 1791572150510297491, 
-1.5152615308761597, -0.02409466542303562, -1.3417264764209527, 1791572150557635272, 
-1.513748049736023, -0.030310137197375298, -1.3245615155229882, 1791572150621403439, 
-1.5124578475952148, -0.034760233014822006, -1.3123074672491806, 1791572150669994849, 
-1.5112508535385132, -0.039068546146154404, -1.300180264881398, 1791572150717515278, 
-1.5099718570709229, -0.04340098798274994, -1.2875443875643855, 1791572150765151875, 
-1.5084834098815918, -0.047824643552303314, -1.2753559059122892, 1791572150815491470, 
-1.5070734024047852, -0.051936399191617966, -1.263330115073617, 1791572150861368926, 
-1.5057307481765747, -0.05629260092973709, -1.2508179131422748, 1791572150910845598, 
-1.5042003393173218, -0.060429129749536514, -1.2389768851206722, 1791572150957787618, 
-1.5019354820251465, -0.06612368673086166, -1.222065550789662, 1791572151021644809, 
-1.5004923343658447, -0.0702173039317131, -1.2096781793951334, 1791572151069672243, 
-1.498879313468933, -0.07431817799806595, -1.1981091344481558, 1791572151117981557, 
-1.4970225095748901, -0.07850068062543869, -1.1861890129795782, 1791572151165635781, 
-1.495174765586853, -0.08281785249710083, -1.173077835678408, 1791572151215915690, 
-1.4934974908828735, -0.08683210611343384, -1.1611376500265733, 1791572151261595037, 
-1.4915531873703003, -0.0907926857471466, -1.149049069981469, 1791572151309567491, 
-1.4896234273910522, -0.09493888169527054, -1.1365714210788558, 1791572151358624430, 
-1.4871867895126343, -0.10042888671159744, -1.1214973397442611, 1791572151421523657, 
-1.484817624092102, -0.10468891263008118, -1.1102774691743356, 1791572151469651189, 
-1.4825958013534546, -0.10879353433847427, -1.097629097092655, 1791572151517423922, 
-1.4803757667541504, -0.11300183832645416, -1.0849603527132443, 1791572151565389367, 
-1.478041648864746, -0.11717396974563599, -1.072362522642439, 1791572151615471878, 
-1.47586989402771, -0.12096070498228073, -1.0605809234163102, 1791572151663850372, 
-1.4736464023590088, -0.1248047947883606, -1.0487229185892983, 1791572151710237061, 
-1.4705067873001099, -0.13000376522541046, -1.032329669675199, 1791572151775851255, 
-1.4689679145812988, -0.13244809210300446, -1.0240723157558949, 1791572151805793980, 
-1.4656445980072021, -0.13763275742530823, -1.0073767401021327, 1791572151869914326, 
-1.4632517099380493, -0.14147338271141052, -0.9961860365221994, 1791572151917651483, 
-1.4606232643127441, -0.14509712159633636, -0.9850963939997732, 1791572151965149039, 
-1.4578582048416138, -0.14898939430713654, -0.9718821284527809, 1791572152015363281, 
-1.4553875923156738, -0.15266942977905273, -0.9594511404687245, 1791572152062573348, 
-1.4527218341827393, -0.15604203939437866, -0.9478943188036033, 1791572152110888397, 
-1.4499032497406006, -0.15976537764072418, -0.9361413804530978, 1791572152157681395, 
-1.4462096691131592, -0.16463054716587067, -0.9207297557924752, 1791572152221414336, 
-1.443471908569336, -0.16794715821743011, -0.9083191935023104, 1791572152270505565, 
-1.4406802654266357, -0.1714620739221573, -0.8953293720183264, 1791572152317504797, 
-1.437759280204773, -0.17512255907058716, -0.8837895321093969, 1791572152366062475, 
-1.4345982074737549, -0.1788385808467865, -0.8717849711892331, 1791572152415325775, 
-1.4318219423294067, -0.1820051521062851, -0.8598415527131701, 1791572152461252394, 
-1.428797960281372, -0.18553662300109863, -0.8470693709371636, 1791572152510259662, 
-1.4257893562316895, -0.18888509273529053, -0.834856045047913, 1791572152558678083, 
-1.4216336011886597, -0.19326554238796234, -0.8181812834205061, 1791572152621984668, 
-1.4184304475784302, -0.19658765196800232, -0.8060269197919157, 1791572152669476762, 
-1.4151850938796997, -0.19982023537158966, -0.7941557884172089, 1791572152718608750, 
-1.4117532968521118, -0.20295532047748566, -0.7831467626138624, 1791572152766898165, 
-1.4085286855697632, -0.20617973804473877, -0.7715350281048601, 1791572152815306857, 
-1.4052644968032837, -0.20911313593387604, -0.7597160618538301, 1791572152862478636, 
-1.4017568826675415, -0.2122945785522461, -0.7476513010824861, 1791572152910653264, 
-1.398525357246399, -0.21525974571704865, -0.7362231814621458, 1791572152957418555, 
-1.393957495689392, -0.21912690997123718, -0.7202801001642385, 1791572153021415196, 
-1.390357255935669, -0.222104012966156, -0.7086220249329526, 1791572153069429711, 
-1.3870980739593506, -0.22492577135562897, -0.6971520060982573, 1791572153117482147, 
-1.383626103401184, -0.22786745429039001, -0.6850794920678254, 1791572153166078667, 
-1.3797019720077515, -0.2308284491300583, -0.6729952284188266, 1791572153215455171, 
-1.376199722290039, -0.2335788458585739, -0.6612368410572684, 1791572153261838620, 
-1.3724346160888672, -0.2364405244588852, -0.6490185819955436, 1791572153310884546, 
-1.3675376176834106, -0.23991310596466064, -0.6323895347704664, 1791572153375625475, 
-1.3639464378356934, -0.24238772690296173, -0.6196127087823452, 1791572153422354396, 
-1.3602869510650635, -0.24502457678318024, -0.6078885653845642, 1791572153469548085, 
-1.3565336465835571, -0.24745458364486694, -0.5959104093679881, 1791572153517564350, 
-1.3525168895721436, -0.24989011883735657, -0.583385058210881, 1791572153565631812, 
-1.3485445976257324, -0.25255247950553894, -0.5698773064421345, 1791572153616089155, 
-1.3449811935424805, -0.2548389732837677, -0.5586062446957073, 1791572153661597044, 
-1.3407635688781738, -0.25714725255966187, -0.5479342958970532, 1791572153710709074, 
-1.337134599685669, -0.25937628746032715, -0.5363817425407835, 1791572153758851559, 
-1.3316302299499512, -0.2624724805355072, -0.5186358893174878, 1791572153822469587, 
-1.3276445865631104, -0.26457828283309937, -0.5076246533293869, 1791572153870576917, 
-1.3238807916641235, -0.2668427526950836, -0.4951499353280835, 1791572153918288803, 
-1.31990385055542, -0.26888641715049744, -0.4832821678646714, 1791572153966300412, 
-1.315987467765808, -0.2708496153354645, -0.47143848900901036, 1791572154015435230, 
-1.311876893043518, -0.27285635471343994, -0.4588307714689946, 1791572154062580807, 
-1.3077597618103027, -0.27486637234687805, -0.4467265895628436, 1791572154110100189, 
-1.3037865161895752, -0.27666038274765015, -0.43466507348609074, 1791572154157527447, 
-1.2981187105178833, -0.2791127860546112, -0.4177686973697597, 1791572154222370328, 
-1.2939637899398804, -0.2809627056121826, -0.4055971393817385, 1791572154270426968, 
-1.2897536754608154, -0.28254157304763794, -0.3940324160638682, 1791572154318389145, 
-1.2855114936828613, -0.2841198444366455, -0.3817630212581969, 1791572154366483991, 
-1.281177282333374, -0.28576719760894775, -0.36842031400104686, 1791572154415395343, 
-1.2767860889434814, -0.287211537361145, -0.3559541085905031, 1791572154462260458, 
-1.2726012468338013, -0.2886083424091339, -0.34269414223929523, 1791572154510801447, 
-1.2684372663497925, -0.29017913341522217, -0.3308906952674259, 1791572154557311927, 
-1.2625089883804321, -0.2919701039791107, -0.31599681292875653, 1791572154622435527, 
-1.2581673860549927, -0.293270468711853, -0.30423107431610424, 1791572154670518912, 
-1.253902554512024, -0.2946142554283142, -0.2924986093325095, 1791572154717260281, 
-1.2494503259658813, -0.29586347937583923, -0.2797656671294937, 1791572154766282502, 
-1.244869351387024, -0.29717105627059937, -0.26668725652983355, 1791572154815369445, 
-1.2405352592468262, -0.2981691360473633, -0.25510868438800743, 1791572154862380173, 
-1.2361619472503662, -0.2993394434452057, -0.244007361157689, 1791572154910817248, 
-1.2302919626235962, -0.30059614777565, -0.22774604981719548, 1791572154975826822, 
-1.2258151769638062, -0.3016049265861511, -0.21520377879228825, 1791572155022774927, 
-1.2212592363357544, -0.302560418844223, -0.2038609057446951, 1791572155070416717, 
-1.2167582511901855, -0.3033708333969116, -0.19254023448235918, 1791572155117457458, 
-1.2122931480407715, -0.30416157841682434, -0.1799334830830454, 1791572155166975877, 
-1.2080079317092896, -0.30497172474861145, -0.16705984838341273, 1791572155215479725, 
-1.2033203840255737, -0.3056551218032837, -0.15497912751604573, 1791572155262559850, 
-1.1988894939422607, -0.30626794695854187, -0.142281763528439, 1791572155310127568, 
-1.1942194700241089, -0.3069765269756317, -0.1300388786601352, 1791572155358540490, 
-1.1882394552230835, -0.30757343769073486, -0.11451007108658068, 1791572155422408747, 
-1.1837172508239746, -0.30784088373184204, -0.10244652921261559, 1791572155470491054, 
-1.1790783405303955, -0.3083348572254181, -0.09053676458759304, 1791572155518373676, 
-1.174443006515503, -0.3086599111557007, -0.07847056146993735, 1791572155566973939, 
-1.1697485446929932, -0.3088584840297699, -0.06684380302554087, 1791572155614113690, 
-1.1652201414108276, -0.3090502917766571, -0.05495952193653943, 1791572155662238429, 
-1.1608333587646484, -0.30926260352134705, -0.04298605054606418, 1791572155710178968, 
-1.156495213508606, -0.30933094024658203, -0.030819655117320675, 1791572155758883964, 
-1.1502678394317627, -0.3092916011810303, -0.01401338793850106, 1791572155822893304, 
-1.1455563306808472, -0.3093588948249817, -0.002243069403503934, 1791572155870370646, 
-1.1410027742385864, -0.3091558814048767, 0.009113351016797947, 1791572155918437923, 
-1.1364634037017822, -0.3090311288833618, 0.0208641213021472, 1791572155965354949, 
-1.1317682266235352, -0.3089076280593872, 0.033162529346700234, 1791572156015075599, 
-1.1273205280303955, -0.3084773123264313, 0.04448986435283499, 1791572156062170661, 
-1.122731328010559, -0.30823731422424316, 0.05745441581236321, 1791572156110922521, 
-1.1181862354278564, -0.3079690933227539, 0.06980572307252783, 1791572156158469325, 
-1.1120704412460327, -0.30727678537368774, 0.08505428551106299, 1791572156222675279, 
-1.1075114011764526, -0.3067895174026489, 0.09697621388872697, 1791572156270437230, 
-1.1031193733215332, -0.30637696385383606, 0.10939383466200431, 1791572156318722647, 
-1.0984387397766113, -0.30578017234802246, 0.12172181725678319, 1791572156366306005, 
-1.0936942100524902, -0.3051421642303467, 0.1338066503539644, 1791572156414648950, 
-1.0891032218933105, -0.3045666813850403, 0.1459550475173957, 1791572156462117832, 
-1.0846329927444458, -0.30387261509895325, 0.15808746729999584, 1791572156510734477, 
-1.0786017179489136, -0.3026915490627289, 0.1745101406422296, 1791572156575922880, 
-1.0742874145507812, -0.3019140362739563, 0.18661352829923278, 1791572156622628193, 
-1.0696394443511963, -0.3010462522506714, 0.19776296052753498, 1791572156670685508, 
-1.0650362968444824, -0.2998805344104767, 0.20960648861816192, 1791572156718418412, 
-1.060652494430542, -0.2989756464958191, 0.22266732965640915, 1791572156766962274, 
-1.056030511856079, -0.2978259325027466, 0.23481940630527662, 1791572156815305759, 
-1.0518743991851807, -0.2966636121273041, 0.24542981125528737, 1791572156862659381, 
-1.0460319519042969, -0.29520493745803833, 0.26095203733125066, 1791572156926826204, 
-1.0431830883026123, -0.2943199574947357, 0.26880660482828217, 1791572156959043396, 
-1.0373499393463135, -0.2924424409866333, 0.284785990679541, 1791572157022627072, 
-1.0329636335372925, -0.29119864106178284, 0.2971844720384995, 1791572157070483396, 
-1.0286521911621094, -0.28996312618255615, 0.30939834480337874, 1791572157118433110, 
-1.024360179901123, -0.28848859667778015, 0.3204182712392451, 1791572157166964792, 
-1.020020604133606, -0.28700727224349976, 0.3323385310676366, 1791572157214906259, 
-1.0157018899917603, -0.28554144501686096, 0.3448828492337118, 1791572157262718393, 
-1.0113790035247803, -0.2837883532047272, 0.35762323926269446, 1791572157310336232, 
-1.006975531578064, -0.2821219563484192, 0.3694705127141369, 1791572157358123493, 
-1.0009819269180298, -0.28001266717910767, 0.3863572341875297, 1791572157422596375, 
-0.9968717098236084, -0.27819696068763733, 0.3980156983144905, 1791572157470622915, 
-0.9927334189414978, -0.2764371931552887, 0.40912000104461715, 1791572157518730416, 
-0.9883296489715576, -0.274580180644989, 0.42236193240640835, 1791572157566698385, 
-0.9844434261322021, -0.2727382779121399, 0.4351265861699258, 1791572157614878515, 
-0.9803975224494934, -0.27077537775039673, 0.446472313012357, 1791572157662673866, 
-0.974817156791687, -0.26819610595703125, 0.46344815478962414, 1791572157726595531, 
-0.9706410765647888, -0.26601630449295044, 0.4748698138272964, 1791572157775942179, 
-0.9680756330490112, -0.26464465260505676, 0.4818569580545111, 1791572157806227666, 
-0.9628276228904724, -0.261763334274292, 0.4976976599975541, 1791572157870647011, 
-0.9589604735374451, -0.2595985233783722, 0.5106082049388954, 1791572157918662128, 
-0.9550427198410034, -0.2572268545627594, 0.5231590552243492, 1791572157966165263, 
-0.9512037038803101, -0.25494250655174255, 0.5347383737027069, 1791572158014550700, 
-0.9471227526664734, -0.25272423028945923, 0.5467965064263309, 1791572158062306840, 
-0.9432348608970642, -0.2503073215484619, 0.5589776621634264, 1791572158110334614, 
-0.9393799304962158, -0.24786503612995148, 0.5719203409186872, 1791572158158600977, 
-0.9354031682014465, -0.2453373521566391, 0.5841471388855403, 1791572158206445444, 
-0.9302704930305481, -0.24169717729091644, 0.5996341817256485, 1791572158270705832, 
-0.9266177415847778, -0.23913083970546722, 0.6116425884083143, 1791572158318613361, 
-0.9228852391242981, -0.23651663959026337, 0.6243788389433048, 1791572158367535661, 
-0.919400155544281, -0.23391065001487732, 0.6357687690931985, 1791572158414281357, 
-0.9157783389091492, -0.2310524880886078, 0.647680720396132, 1791572158462623961, 
-0.9120001196861267, -0.22817429900169373, 0.6597815238233674, 1791572158510892462, 
-0.9083454608917236, -0.22528278827667236, 0.6717668881198249, 1791572158558391685, 
-0.9038479924201965, -0.22157199680805206, 0.6883381855772429, 1791572158622640055, 
-0.9004591107368469, -0.2187318503856659, 0.7003115276318227, 1791572158671018387, 
-0.896996796131134, -0.21572256088256836, 0.7113274604649196, 1791572158718583937, 
-0.8935824632644653, -0.21265411376953125, 0.7230826861774824, 1791572158766655607, 
-0.8901211619377136, -0.20966291427612305, 0.7350791110361177, 1791572158814588818, 
-0.8866406083106995, -0.2066039890050888, 0.7470679203701892, 1791572158862617295, 
-0.8833406567573547, -0.20347249507904053, 0.7589167762325812, 1791572158910432197, 
-0.8788918256759644, -0.19917087256908417, 0.775253882081112, 1791572158975050550, 
-0.8755142688751221, -0.19599102437496185, 0.7875226173316932, 1791572159022582119, 
-0.8724680542945862, -0.1927320957183838, 0.7993843511615983, 1791572159070563939, 
-0.8690375685691833, -0.1891479343175888, 0.8119943298138743, 1791572159118562829, 
-0.8657834529876709, -0.18593358993530273, 0.8245143159413117, 1791572159167477515, 
-0.8626993298530579, -0.18262603878974915, 0.8366085792297346, 1791572159214846944, 
-0.8597496151924133, -0.17932194471359253, 0.8492456835652166, 1791572159262557216, 
-0.8567203879356384, -0.17601674795150757, 0.8623617036673336, 1791572159311072657, 
-0.8537465333938599, -0.1723831444978714, 0.8731382087522771, 1791572159358255007, 
-0.8500673770904541, -0.16771326959133148, 0.8890712201176507, 1791572159422563989, 
-0.8472719788551331, -0.16408595442771912, 0.9016281961436187, 1791572159470839175, 
-0.8444502949714661, -0.16042761504650116, 0.9127951905560185, 1791572159518539774, 
-0.841633677482605, -0.1567542552947998, 0.92464065033089, 1791572159566596004, 
-0.8389080762863159, -0.15300549566745758, 0.9371495828343069, 1791572159615839666, 
-0.8362386226654053, -0.14933349192142487, 0.9492270790965481, 1791572159662620996, 
-0.8336173892021179, -0.1456383317708969, 0.9620142217384342, 1791572159710796426, 
-0.8310278058052063, -0.141985684633255, 0.9742691009023564, 1791572159758148100, 
-0.8274171948432922, -0.1367274522781372, 0.9882891010792261, 1791572159822750827, 
-0.824985682964325, -0.13279765844345093, 0.9995882029123546, 1791572159870539302, 
-0.8224655389785767, -0.12885630130767822, 1.0127069360429295, 1791572159918543041, 
-0.8201112151145935, -0.1251249611377716, 1.0255977943724461, 1791572159966543643, 
-0.8179311752319336, -0.12116089463233948, 1.0379606714047644, 1791572160015823390, 
-0.8154923915863037, -0.11710962653160095, 1.0501419201043891, 1791572160062532795, 
-0.8131548166275024, -0.11302391439676285, 1.0618563390727336, 1791572160110981670, 
-0.8109543919563293, -0.10901179164648056, 1.07343275246074, 1791572160158778572, 
-0.8082433342933655, -0.10362990945577621, 1.0904337536533504, 1791572160222588928, 
-0.8061037063598633, -0.09953296184539795, 1.1030059080823273, 1791572160270537773, 
-0.8040785193443298, -0.09539708495140076, 1.1150456160699398, 1791572160318527697, 
-0.8023929595947266, -0.09135814756155014, 1.1270448643610422, 1791572160366539746, 
-0.8004728555679321, -0.08738531917333603, 1.139007361362426, 1791572160414565857, 
-0.7985955476760864, -0.08320409804582596, 1.1506730662947233, 1791572160462502264, 
-0.7968056797981262, -0.0789485052227974, 1.1629737401785314, 1791572160510321792, 
-0.7950451970100403, -0.07477139681577682, 1.175668602034972, 1791572160558108600, 
-0.7927500605583191, -0.06929068267345428, 1.1913188509411312, 1791572160622563239, 
-0.7912550568580627, -0.06487594544887543, 1.201668611977574, 1791572160670489726, 
-0.7897225022315979, -0.06069519370794296, 1.2128452748256804, 1791572160718490943, 
-0.7880991101264954, -0.05644231289625168, 1.2264557251946218, 1791572160766485197, 
-0.7867943644523621, -0.05211649462580681, 1.2393228555445535, 1791572160814559233, 
-0.785380482673645, -0.04787810146808624, 1.252071984055249, 1791572160862529706, 
-0.7837732434272766, -0.043368034064769745, 1.2639893102556234, 1791572160910726799, 
-0.7824897170066833, -0.038973964750766754, 1.274662687217301, 1791572160958482262, 
-0.7807148694992065, -0.03313766419887543, 1.2911134505662358, 1791572161022529101, 
-0.7795371413230896, -0.02873670496046543, 1.3033912745817242, 1791572161070508736, 
-0.7784384489059448, -0.024238478392362595, 1.3156150808807459, 1791572161118556604, 
-0.7773346900939941, -0.019757352769374847, 1.3280012904236116, 1791572161166688494, 
-0.7761411666870117, -0.01504409871995449, 1.3409470617135975, 1791572161215497150, 
-0.7752195000648499, -0.010799393057823181, 1.3520077800924286, 1791572161262543036, 
-0.7744088768959045, -0.006381858605891466, 1.364105475613019, 1791572161310541022, 
-0.7734959721565247, -0.0019153119064867496, 1.3762896738511006, 1791572161358656364, 
-0.7724508047103882, 0.0040781996212899685, 1.3916502110859141, 1791572161422533008, 
-0.7716609835624695, 0.008892636746168137, 1.4041192525151598, 1791572161470522730, 
-0.7708292007446289, 0.013202800415456295, 1.4163591646106524, 1791572161518515443, 
-0.7701700329780579, 0.017473682761192322, 1.4278503692603464, 1791572161566466236, 
-0.7695540189743042, 0.022058030590415, 1.4395444093091474, 1791572161614752128, 
-0.7689406275749207, 0.0266692116856575, 1.4515368710491405, 1791572161662486706, 
-0.7684390544891357, 0.03134112060070038, 1.4626978626150025, 1791572161710453830, 
-0.7680475115776062, 0.035878099501132965, 1.475185358039039, 1791572161758276218, 
-0.7676446437835693, 0.04192931205034256, 1.4917153599095696, 1791572161822493642, 
-0.7673264741897583, 0.046506740152835846, 1.503088986722448, 1791572161870616838, 
-0.7671859264373779, 0.05105877295136452, 1.5149991335955377, 1791572161918497924, 
-0.7670281529426575, 0.055724043399095535, 1.5278928862216337, 1791572161966473277, 
-0.7668240070343018, 0.06038590148091316, 1.540176095183733, 1791572162014189864, 
-0.766668438911438, 0.06500089168548584, 1.5523455007627813, 1791572162062505128, 
-0.7667005062103271, 0.06946020573377609, 1.5647728068843467, 1791572162110471566, 
-0.7666590809822083, 0.07403508573770523, 1.5770241858438359, 1791572162158854534, 
-0.766843855381012, 0.08030615746974945, 1.5925254585154538, 1791572162222973087, 
-0.7671657800674438, 0.08492157608270645, 1.6041094029172986, 1791572162270488906, 
-0.7673379778862, 0.08957444131374359, 1.6169703951659864, 1791572162318509251, 
-0.7676572203636169, 0.09408730268478394, 1.6294617962729747, 1791572162367351306, 
-0.7681275606155396, 0.09839539229869843, 1.6406232591010905, 1791572162414757929, 
-0.7685235738754272, 0.10290078818798065, 1.6525100461650921, 1791572162462541589, 
-0.76890629529953, 0.1075139120221138, 1.6638918205264561, 1791572162510464329, 
-0.7694846391677856, 0.11195819079875946, 1.6756421097534013, 1791572162558524048, 
-0.7702237367630005, 0.11808189749717712, 1.6922176196489458, 1791572162622243970, 
-0.7708261013031006, 0.12254423648118973, 1.7043361510191322, 1791572162670980010, 
-0.7716554403305054, 0.1269049346446991, 1.7163797450597642, 1791572162718509965, 
-0.7724621295928955, 0.13147331774234772, 1.7289373977602511, 1791572162766946599, 
-0.773205578327179, 0.13604296743869781, 1.7410250168459322, 1791572162814151706, 
-0.7741314768791199, 0.1405048668384552, 1.7521510034627372, 1791572162862478904, 
-0.7750390768051147, 0.14483420550823212, 1.7644996706029623, 1791572162910466295, 
-0.7761985659599304, 0.15079760551452637, 1.7811191797737407, 1791572162974821818, 
-0.7769704461097717, 0.15393537282943726, 1.7886385653173065, 1791572163006949757, 
-0.7784724831581116, 0.159901425242424, 1.8045644546966002, 1791572163070160249, 
-0.7794348001480103, 0.16392749547958374, 1.817526129938508, 1791572163119378379, 
-0.780613362789154, 0.16814377903938293, 1.830158713983129, 1791572163166672444, 
-0.7823066711425781, 0.17383016645908356, 1.8429236638965785, 1791572163214992586, 
-0.7834911942481995, 0.1782342493534088, 1.854177730933424, 1791572163262480849, 
-0.7847495079040527, 0.18215732276439667, 1.8650511284290492, 1791572163310469458, 
-0.7859830260276794, 0.18615105748176575, 1.876735388601868, 1791572163358320516, 
-0.7878143191337585, 0.19172406196594238, 1.8952279418081963, 1791572163422228932, 
-0.78945392370224, 0.19615812599658966, 1.9069611674230764, 1791572163470156493, 
-0.7910252213478088, 0.20035861432552338, 1.9188701332000673, 1791572163518144879, 
-0.7926151752471924, 0.20457343757152557, 1.9308888782139435, 1791572163566695742, 
-0.7942145466804504, 0.20885853469371796, 1.9418447026248764, 1791572163614703965, 
-0.7960909605026245, 0.21308431029319763, 1.9539766798135414, 1791572163663052250, 
-0.7979967594146729, 0.21735675632953644, 1.9669860896554738, 1791572163710513069, 
-0.7997605204582214, 0.22166259586811066, 1.9796819490719533, 1791572163758998413, 
-0.8024908900260925, 0.22724567353725433, 1.9962216670091844, 1791572163822268696, 
-0.8043627142906189, 0.23136450350284576, 2.00787765173181, 1791572163870569598, 
-0.8061580657958984, 0.23542672395706177, 2.0198036023081416, 1791572163918561714, 
-0.8082839250564575, 0.23949067294597626, 2.032089382392388, 1791572163966136712, 
-0.8104162216186523, 0.2435970902442932, 2.045085358372905, 1791572164014678866, 
-0.8124573826789856, 0.24778832495212555, 2.057620686046046, 1791572164062140241, 
-0.8147032260894775, 0.2518140971660614, 2.069022696440275, 1791572164110477354, 
-0.8170201182365417, 0.2556673288345337, 2.0803561218844204, 1791572164158531876, 
-0.8200299739837646, 0.26095208525657654, 2.096361555958745, 1791572164222979918, 
-0.8224470019340515, 0.26489001512527466, 2.1088227835422084, 1791572164270351257, 
-0.8250367045402527, 0.26881730556488037, 2.1200388953794116, 1791572164318143328, 
-0.8274334073066711, 0.272643506526947, 2.1320591583882713, 1791572164366678801, 
-0.8298758268356323, 0.27650952339172363, 2.144173426921582, 1791572164414136476, 
-0.8324800729751587, 0.28007277846336365, 2.1556787428489645, 1791572164462129055, 
-0.834879994392395, 0.2837335467338562, 2.1680430803210977, 1791572164510482339, 
-0.8375850319862366, 0.28772732615470886, 2.179725697840616, 1791572164558403457, 
-0.8403304815292358, 0.291321724653244, 2.1904425152294613, 1791572164606419780, 
-0.8438964486122131, 0.2963188588619232, 2.2073474489229428, 1791572164670837291, 
-0.8465664386749268, 0.29994723200798035, 2.2199388842985974, 1791572164718355897, 
-0.8493355512619019, 0.30341315269470215, 2.2315089806391417, 1791572164766131868, 
-0.8523397445678711, 0.30696016550064087, 2.243468493735129, 1791572164814705083, 
-0.8553639054298401, 0.31057220697402954, 2.2553561760085623, 1791572164863037851, 
-0.8584360480308533, 0.3141680955886841, 2.267931050915067, 1791572164910482718, 
-0.862396776676178, 0.31876638531684875, 2.2850813717597793, 1791572164974287354, 
-0.8653349876403809, 0.32223471999168396, 2.2966212078726636, 1791572165022190912, 
-0.8684900999069214, 0.3254733085632324, 2.307899277067888, 1791572165070368197, 
-0.8716978430747986, 0.3288128972053528, 2.3200058655216975, 1791572165118164526, 
-0.8748610019683838, 0.3322385549545288, 2.3321185524492556, 1791572165166519748, 
-0.8780889511108398, 0.3355274200439453, 2.34454631421065, 1791572165214708036, 
-0.8814079761505127, 0.3387204706668854, 2.357521535777416, 1791572165263349078, 
-0.8845878839492798, 0.34190452098846436, 2.3691235357832863, 1791572165310487967, 
-0.88791424036026, 0.34518906474113464, 2.379977405721703, 1791572165358350519, 
-0.8913261890411377, 0.34810981154441833, 2.3912446542516532, 1791572165406153865, 
-0.8958402276039124, 0.35228201746940613, 2.4071945984632004, 1791572165470122588, 
-0.8992985486984253, 0.3553640842437744, 2.419319188445595, 1791572165518980722, 
-0.9027659296989441, 0.35829219222068787, 2.4318551915253437, 1791572165566115127, 
-0.9062002301216125, 0.36116141080856323, 2.4442252906921222, 1791572165614701218, 
-0.9097068309783936, 0.3641236424446106, 2.455842001886302, 1791572165663005548, 
-0.9134373664855957, 0.3670884668827057, 2.467317547467083, 1791572165710491564, 
-0.9171701073646545, 0.369931697845459, 2.4794521327089964, 1791572165758730022, 
-0.9207586050033569, 0.37275806069374084, 2.4914970024135594, 1791572165806178543, 
-0.925754964351654, 0.37642690539360046, 2.508198222384384, 1791572165870864220, 
-0.9295037388801575, 0.3790922462940216, 2.5197090925601167, 1791572165918837257, 
-0.9333301782608032, 0.38180625438690186, 2.5311209984409633, 1791572165966675841, 
-0.9371711015701294, 0.38436657190322876, 2.5432936768505257, 1791572166014105739, 
-0.9407411813735962, 0.386644572019577, 2.556214980595158, 1791572166063021204, 
-0.9445633888244629, 0.38929712772369385, 2.5694508740558293, 1791572166110523129, 
-0.9483662843704224, 0.39171791076660156, 2.5808088376539744, 1791572166158905738, 
-0.9522927403450012, 0.39399081468582153, 2.592858244418192, 1791572166206850359, 
-0.9576097130775452, 0.39727216958999634, 2.609984151082672, 1791572166271063603, 
-0.961234986782074, 0.3993581235408783, 2.6217086534988914, 1791572166318801256, 
-0.9658108949661255, 0.40166279673576355, 2.633303779022083, 1791572166366615579, 
-0.9699562788009644, 0.4039044976234436, 2.6448560152609457, 1791572166414976100, 
-0.9740417003631592, 0.40609002113342285, 2.657219899448925, 1791572166462384544, 
-0.9779672622680664, 0.40799054503440857, 2.668604388978244, 1791572166510557087, 
-0.981775164604187, 0.40984490513801575, 2.68188237186612, 1791572166558541783, 
-0.9874802827835083, 0.4126390814781189, 2.6992204275009333, 1791572166625061209, 
-0.9915137887001038, 0.41450074315071106, 2.710854503284345, 1791572166670806668, 
-0.9956749677658081, 0.41630643606185913, 2.72348116347355, 1791572166718784783, 
-0.999821126461029, 0.41821038722991943, 2.7355637339358037, 1791572166766596351, 
-1.0040754079818726, 0.4199100434780121, 2.747679255617652, 1791572166814622445, 
-1.0084079504013062, 0.42163926362991333, 2.7606530011058372, 1791572166862402215, 
-1.0128095149993896, 0.42348799109458923, 2.773817077656723, 1791572166910505058, 
-1.0171005725860596, 0.42501282691955566, 2.785030353391732, 1791572166958638003, 
-1.0213382244110107, 0.4263656437397003, 2.7956755525173214, 1791572167007075884, 
-1.0269724130630493, 0.42840123176574707, 2.81200789125053, 1791572167070785221, 
-1.0313485860824585, 0.4297790229320526, 2.824081893047791, 1791572167118779269, 
-1.0357675552368164, 0.431069552898407, 2.836450344032646, 1791572167167001789, 
-1.0402374267578125, 0.4325447976589203, 2.84895037609489, 1791572167214585241, 
-1.0447924137115479, 0.4339188039302826, 2.860326090172571, 1791572167262968280, 
-1.0492384433746338, 0.43504124879837036, 2.8723666642904733, 1791572167310510317, 
-1.053504467010498, 0.4361787438392639, 2.8835599389410196, 1791572167358681275, 
-1.057844877243042, 0.43737542629241943, 2.8950615179598675, 1791572167406745209, 
-1.0639338493347168, 0.43873724341392517, 2.9114339446897213, 1791572167470758708, 
-1.068627953529358, 0.43978264927864075, 2.9237728415483337, 1791572167518752131, 
-1.073194146156311, 0.44086310267448425, 2.9361016534357187, 1791572167566755432, 
-1.0773875713348389, 0.4416218101978302, 2.948292700701113, 1791572167614734461, 
-1.081956148147583, 0.4423549473285675, 2.9601223091605298, 1791572167662341966, 
-1.086445927619934, 0.44321829080581665, 2.971628416968592, 1791572167710507489, 
-1.0927857160568237, 0.4440138041973114, 2.9871964304287646, 1791572167774430385, 
-1.09591805934906, 0.44439011812210083, 2.995092110759644, 1791572167806599500, 
-1.1018811464309692, 0.4453144073486328, 3.012733448553922, 1791572167870770336, 
-1.1061445474624634, 0.44571417570114136, 3.025049224001824, 1791572167918773828, 
-1.1103880405426025, 0.4460674524307251, 3.0368440057475383, 1791572167966534554, 
-1.1152358055114746, 0.44656485319137573, 3.049114701811583, 1791572168014836198, 
-1.1198853254318237, 0.44699186086654663, 3.0606126789959602, 1791572168062307014, 
-1.1243714094161987, 0.4472557604312897, 3.073091742265836, 1791572168110693427, 
-1.1289045810699463, 0.4475514590740204, 3.085548630825932, 1791572168158535749, 
-1.1350926160812378, 0.4477124512195587, 3.1011068855014043, 1791572168222738693, 
-1.1395915746688843, 0.44774550199508667, 3.112598176687312, 1791572168270746714, 
-1.1440945863723755, 0.4479137659072876, 3.124376534417343, 1791572168318727750, 
-1.1486889123916626, 0.44790539145469666, 3.1364076140120813, 1791572168366546925, 
-1.153390884399414, 0.44790005683898926, -3.133727788737034, 1791572168414703294, 
-1.1581387519836426, 0.4479340612888336, -3.1207535265467974, 1791572168462830509, 
-1.162603735923767, 0.4479067325592041, -3.1095840911869694, 1791572168510607230, 
-1.1687395572662354, 0.44754624366760254, -3.0951292498740512, 1791572168575049470, 
-1.1736340522766113, 0.4473308324813843, -3.0829076810023253, 1791572168623255315, 
-1.1782522201538086, 0.4470382630825043, -3.0711994189356093, 1791572168671004781, 
-1.1827914714813232, 0.4466026723384857, -3.058753729972606, 1791572168718717725, 
-1.187240481376648, 0.44624561071395874, -3.0458459772353983, 1791572168766534948, 
-1.191777229309082, 0.44589439034461975, -3.0336825536604293, 1791572168814787775, 
-1.1963645219802856, 0.4453449845314026, -3.022282825794487, 1791572168862213673, 
-1.2009528875350952, 0.44469699263572693, -3.0108368346639596, 1791572168910601097, 
-1.205511212348938, 0.44408032298088074, -2.9982874496766487, 1791572168958818737, 
-1.2100225687026978, 0.44342371821403503, -2.986339602646884, 1791572169006706851, 
-1.2162628173828125, 0.4422776699066162, -2.970241769738751, 1791572169070665302, 
-1.2207884788513184, 0.4415185749530792, -2.9595797036290157, 1791572169118761700, 
-1.224865436553955, 0.44070082902908325, -2.948139439652554, 1791572169166686235, 
-1.2293484210968018, 0.4396522045135498, -2.935415512323561, 1791572169214488237, 
-1.233845591545105, 0.438639760017395, -2.921811113785734, 1791572169265027027, 
-1.2384095191955566, 0.43772435188293457, -2.910050381304739, 1791572169310814590, 
-1.242788553237915, 0.43640774488449097, -2.898425364224228, 1791572169358471770, 
-1.2470223903656006, 0.43529829382896423, -2.8860500106761355, 1791572169406251647, 
-1.2531495094299316, 0.4337863028049469, -2.868899769744838, 1791572169471641235, 
-1.2573834657669067, 0.43232461810112, -2.8572096805421703, 1791572169518656080, 
-1.2617188692092896, 0.4309920072555542, -2.844945935908777, 1791572169567091082, 
-1.2663246393203735, 0.4295644164085388, -2.8324644437423863, 1791572169614878210, 
-1.270685076713562, 0.42807504534721375, -2.820272013461683, 1791572169663213395, 
-1.2747058868408203, 0.4265034794807434, -2.808263556765201, 1791572169711824209, 
-1.2790533304214478, 0.4250374138355255, -2.795171936194154, 1791572169758814867, 
-1.2833677530288696, 0.423450231552124, -2.7832317578746957, 1791572169806119248, 
-1.2889988422393799, 0.42099082469940186, -2.767541493457164, 1791572169870878199, 
-1.2933423519134521, 0.4194411635398865, -2.7551576773446778, 1791572169918630753, 
-1.2976067066192627, 0.41763925552368164, -2.743646097346524, 1791572169966518009, 
-1.3019651174545288, 0.41569364070892334, -2.732542688474384, 1791572170014635247, 
-1.3062771558761597, 0.4138592779636383, -2.719577082469097, 1791572170064681366, 
-1.3102505207061768, 0.4121176302433014, -2.707322867782114, 1791572170110895291, 
-1.3143281936645508, 0.40998926758766174, -2.6961734593840707, 1791572170158584074, 
-1.3199490308761597, 0.4073178172111511, -2.6800255290725694, 1791572170224183351, 
-1.3236387968063354, 0.4054490625858307, -2.668615871267668, 1791572170270618787, 
-1.3275490999221802, 0.4032107889652252, -2.656247347228418, 1791572170318827946, 
-1.331688642501831, 0.40111908316612244, -2.6434045025520416, 1791572170366650672, 
-1.335890531539917, 0.3988407254219055, -2.631770648003793, 1791572170414484282, 
-1.339965581893921, 0.3964606523513794, -2.6200129785482362, 1791572170464284750, 
-1.3437329530715942, 0.3942830264568329, -2.6080631763856044, 1791572170511025120, 
-1.3476922512054443, 0.3920087218284607, -2.5962838864593896, 1791572170559009903, 
-1.3530884981155396, 0.3886064291000366, -2.580011884853578, 1791572170624809705, 
-1.356855869293213, 0.38612812757492065, -2.5679353950858848, 1791572170671176737, 
-1.3605540990829468, 0.38379985094070435, -2.555543451368385, 1791572170718561609, 
-1.3643441200256348, 0.3811781704425812, -2.5431177372135716, 1791572170766735281, 
-1.3678810596466064, 0.378652423620224, -2.5312118733135813, 1791572170814599717, 
-1.3719426393508911, 0.3759448230266571, -2.5190129136447372, 1791572170864953062, 
-1.3757109642028809, 0.3733043372631073, -2.5085571379205245, 1791572170910184281, 
-1.3806208372116089, 0.3693771958351135, -2.4924445721605237, 1791572170975001232, 
-1.3829619884490967, 0.3676733076572418, -2.484019375397146, 1791572171006291036, 
-1.3875930309295654, 0.3639332056045532, -2.467753953513769, 1791572171070600244, 
-1.3911418914794922, 0.3609544634819031, -2.4559619857223263, 1791572171119781922, 
-1.3945170640945435, 0.3580598533153534, -2.4446254057004912, 1791572171166478546, 
-1.3981571197509766, 0.3549562394618988, -2.4327014889031333, 1791572171214647184, 
-1.4016335010528564, 0.35174086689949036, -2.418548755091821, 1791572171264578730, 
-1.4049867391586304, 0.34868159890174866, -2.406007383932387, 1791572171312044961, 
-1.4083741903305054, 0.3456701338291168, -2.394385045410939, 1791572171358664101, 
-1.4127981662750244, 0.34129011631011963, -2.378635590395478, 1791572171424353362, 
-1.4158508777618408, 0.33822962641716003, -2.3671248137118686, 1791572171470846456, 
-1.419467806816101, 0.33492985367774963, -2.3540928559738745, 1791572171518128410, 
-1.4226969480514526, 0.3317105174064636, -2.3420215793060293, 1791572171566429622, 
-1.42582106590271, 0.32839205861091614, -2.32914631793993, 1791572171614441782, 
-1.4292339086532593, 0.32493335008621216, -2.3161574531689095, 1791572171664646709, 
-1.4323277473449707, 0.3216113746166229, -2.3051380397831425, 1791572171711672141, 
-1.4352052211761475, 0.31817492842674255, -2.2937316510635126, 1791572171758588346, 
-1.4382303953170776, 0.3148764669895172, -2.2818689978801916, 1791572171806344494, 
-1.4421703815460205, 0.310153067111969, -2.2657309659937397, 1791572171870574765, 
-1.445188283920288, 0.30657055974006653, -2.2532457156928456, 1791572171918759835, 
-1.4480178356170654, 0.3031909763813019, -2.2411232215457644, 1791572171966409405, 
-1.4508520364761353, 0.29956817626953125, -2.229504409191763, 1791572172014391084, 
-1.4536666870117188, 0.2957751750946045, -2.217118636416483, 1791572172064799613, 
-1.4562894105911255, 0.29222723841667175, -2.2046778279538164, 1791572172111145452, 
-1.4590762853622437, 0.28851258754730225, -2.1933761104434693, 1791572172158755444, 
-1.462648868560791, 0.2832804322242737, -2.176804045386794, 1791572172224754435, 
-1.4651435613632202, 0.2797890603542328, -2.1652329420862584, 1791572172270827099, 
-1.4678279161453247, 0.2757877707481384, -2.153722059493865, 1791572172319628885, 
-1.4700713157653809, 0.2721652686595917, -2.142118361927056, 1791572172366812264, 
-1.4725311994552612, 0.26802361011505127, -2.1288676549772054, 1791572172415756427, 
-1.4751118421554565, 0.2640710175037384, -2.11633642881775, 1791572172464766090, 
-1.4773293733596802, 0.2600730359554291, -2.1049266497222514, 1791572172511739985, 
-1.4801841974258423, 0.2549530863761902, -2.089389822077212, 1791572172574376576, 
-1.4818158149719238, 0.25238096714019775, -2.0808796126993103, 1791572172607347265, 
-1.4846824407577515, 0.24682602286338806, -2.065650070650733, 1791572172671604316, 
-1.4869335889816284, 0.24263522028923035, -2.0535769546634257, 1791572172719753524, 
-1.4889378547668457, 0.23877935111522675, -2.0415731148859626, 1791572172766562020, 
-1.4909083843231201, 0.23470526933670044, -2.0293039918073914, 1791572172814808028, 
-1.4929189682006836, 0.2303260862827301, -2.016496577179723, 1791572172864540354, 
-1.4947552680969238, 0.22639577090740204, -2.004112386970359, 1791572172911791806, 
-1.4967684745788574, 0.2222883552312851, -1.992258252747616, 1791572172958731471, 
-1.4991523027420044, 0.21649040281772614, -1.9758822880388147, 1791572173024334741, 
-1.500876545906067, 0.21224427223205566, -1.963057168731879, 1791572173071848674, 
-1.5027692317962646, 0.20796732604503632, -1.9504681312184373, 1791572173118617632, 
-1.5043126344680786, 0.20371113717556, -1.9391063919555789, 1791572173166603014, 
-1.5058754682540894, 0.19956587255001068, -1.9273892774886365, 1791572173214755365, 
-1.5076568126678467, 0.19494886696338654, -1.9139010521578426, 1791572173264753626, 
-1.5090386867523193, 0.19057293236255646, -1.9031006100515337, 1791572173311683760, 
-1.5103532075881958, 0.18627841770648956, -1.89170484163814, 1791572173359079542, 
-1.5119942426681519, 0.18208996951580048, -1.878632091087772, 1791572173407064702, 
-1.5139108896255493, 0.1760784536600113, -1.8618089041157486, 1791572173471610906, 
-1.515059471130371, 0.17172884941101074, -1.8488088667280103, 1791572173518744465, 
-1.51643967628479, 0.16731952130794525, -1.8361922065666714, 1791572173566700468, 
-1.517525553703308, 0.16284891963005066, -1.8244357726742255, 1791572173614755084, 
-1.518574833869934, 0.15829695761203766, -1.812078777462927, 1791572173664813463, 
-1.5196213722229004, 0.15400196611881256, -1.800594185707258, 1791572173711659587, 
-1.520567774772644, 0.14959034323692322, -1.7895284477128668, 1791572173760026318, 
-1.5213114023208618, 0.14527957141399384, -1.7778880901498806, 1791572173807021019, 
-1.522672414779663, 0.1387801170349121, -1.7605572645791145, 1791572173872037046, 
-1.5235064029693604, 0.13433028757572174, -1.7488545935619144, 1791572173919748331, 
-1.524294137954712, 0.12996704876422882, -1.7374496034062694, 1791572173966783023, 
-1.5251171588897705, 0.12550640106201172, -1.7252205407919678, 1791572174014779019, 
-1.525815725326538, 0.12073531001806259, -1.714474017215283, 1791572174064763231, 
-1.5263279676437378, 0.11618215590715408, -1.7028207748436206, 1791572174111661210, 
-1.5268245935440063, 0.11190078407526016, -1.6909947302981627, 1791572174158789701, 
-1.5274384021759033, 0.10564233362674713, -1.6733427484356345, 1791572174224614440, 
-1.5279464721679688, 0.10118769854307175, -1.660551886394577, 1791572174271741000, 
-1.5282412767410278, 0.09671477228403091, -1.6491344230144926, 1791572174318679952, 
-1.5285528898239136, 0.09224973618984222, -1.6380348797730702, 1791572174367083694, 
-1.5286972522735596, 0.08760769665241241, -1.6253038346034379, 1791572174415788018, 
-1.5288450717926025, 0.08288981020450592, -1.6122552744017036, 1791572174465210352, 
-1.5291169881820679, 0.07833836227655411, -1.6007963278279287, 1791572174511714936, 
-1.5291271209716797, 0.07391908764839172, -1.5889609570068521, 1791572174558834139, 
-1.529147744178772, 0.06946151703596115, -1.576681512422099, 1791572174606853356, 
-1.529090404510498, 0.06306135654449463, -1.5607534390143034, 1791572174671711487, 
-1.5289498567581177, 0.05867336690425873, -1.5478598674122335, 1791572174718779435, 
-1.5286784172058105, 0.05413981154561043, -1.5349410086110027, 1791572174767573054, 
-1.528586506843567, 0.04957227036356926, -1.5222142021158924, 1791572174815575947, 
-1.528201937675476, 0.04494024068117142, -1.5104856143243774, 1791572174864698473, 
-1.5277683734893799, 0.04068848490715027, -1.4993201718245048, 1791572174911622973, 
-1.5272289514541626, 0.034720905125141144, -1.4830720264966937, 1791572174975481240, 
-1.5269083976745605, 0.031715262681245804, -1.4748650965521812, 1791572175007242358, 
-1.5261396169662476, 0.02574162185192108, -1.4581285378222015, 1791572175071762347, 
-1.5255541801452637, 0.021290134638547897, -1.4453524001368474, 1791572175119646081, 
-1.5250874757766724, 0.016804153099656105, -1.4335518102225282, 1791572175166709821, 
-1.5243936777114868, 0.012273591943085194, -1.4221138783638174, 1791572175215479872, 
-1.5234912633895874, 0.007722248323261738, -1.4097928044050168, 1791572175264679576, 
-1.5227832794189453, 0.0033362822141498327, -1.397465763003292, 1791572175311743991, 
-1.5218887329101562, -0.0010358428116887808, -1.3847678258788525, 1791572175359488267, 
-1.5204951763153076, -0.0074440049938857555, -1.3676806200011824, 1791572175424206878, 
-1.5197746753692627, -0.011587918736040592, -1.3563343702377415, 1791572175471716667, 
-1.518711805343628, -0.01590890809893608, -1.3449526896149406, 1791572175519800212, 
-1.5176079273223877, -0.020314913243055344, -1.3322566056810046, 1791572175567695299, 
-1.5165032148361206, -0.02479644864797592, -1.3191728315101052, 1791572175615652137, 
-1.5153475999832153, -0.02939966879785061, -1.3079403437942883, 1791572175664804868, 
-1.514037013053894, -0.03360844776034355, -1.2960118208906397, 1791572175711235756, 
-1.5128023624420166, -0.03793768957257271, -1.2834514702829638, 1791572175759972443, 
-1.5109790563583374, -0.04373221471905708, -1.2683220858612774, 1791572175824632794, 
-1.5093649625778198, -0.047838807106018066, -1.2568598287289467, 1791572175871639196, 
-1.5078001022338867, -0.052037328481674194, -1.2443114839560045, 1791572175919650973, 
-1.5062010288238525, -0.056400347501039505, -1.2322434700048677, 1791572175967152277, 
-1.5045838356018066, -0.060597848147153854, -1.2194787592323875, 1791572176015690795, 
-1.5029666423797607, -0.06477507948875427, -1.2074058705169168, 1791572176064675243, 
-1.5013940334320068, -0.0689929723739624, -1.1959074395073965, 1791572176111316696, 
-1.4995700120925903, -0.07319968938827515, -1.1838725635267169, 1791572176159947364, 
-1.496999979019165, -0.07891827076673508, -1.1665681399889327, 1791572176224211058, 
-1.4952452182769775, -0.08298410475254059, -1.1545228210597105, 1791572176271599675, 
-1.4933466911315918, -0.08705420792102814, -1.1425411913663193, 1791572176319619773, 
-1.4914237260818481, -0.09111813455820084, -1.1302739993761546, 1791572176367677213, 
-1.4894312620162964, -0.09519264847040176, -1.118123672519704, 1791572176415182427, 
-1.4873497486114502, -0.09934592992067337, -1.1059528013148983, 1791572176464702749, 
-1.4850735664367676, -0.10324770957231522, -1.0939406269724277, 1791572176511506095, 
-1.4821783304214478, -0.10873632878065109, -1.0769365400295152, 1791572176575223839, 
-1.4808151721954346, -0.1112927719950676, -1.0691702697669079, 1791572176607221111, 
-1.4778474569320679, -0.11632722616195679, -1.0532643327325715, 1791572176671592458, 
-1.4756048917770386, -0.12044375389814377, -1.040533993922886, 1791572176719861469, 
-1.4732911586761475, -0.12431856244802475, -1.028997551364338, 1791572176767652579, 
-1.470795750617981, -0.12809200584888458, -1.0180350352173584, 1791572176815588057, 
-1.468381404876709, -0.1317565143108368, -1.0059867514043888, 1791572176864583875, 
-1.4659740924835205, -0.13550816476345062, -0.9940615362146873, 1791572176911823377, 
-1.463316559791565, -0.13930657505989075, -0.9827078069626347, 1791572176959348076, 
-1.4605607986450195, -0.14297910034656525, -0.9709741353484712, 1791572177007227573, 
-1.4571585655212402, -0.147989422082901, -0.9538745431176636, 1791572177071771886, 
-1.4543724060058594, -0.15156009793281555, -0.941457967338673, 1791572177119669321, 
-1.4516527652740479, -0.15506838262081146, -0.9289260477037247, 1791572177167482809, 
-1.4489493370056152, -0.15878087282180786, -0.9174188086871448, 1791572177215638575, 
-1.4460304975509644, -0.16240188479423523, -0.9057650077948823, 1791572177264617771, 
-1.443073034286499, -0.16585436463356018, -0.8938482182036896, 1791572177311736398, 
-1.4402010440826416, -0.16938649117946625, -0.8815073879919528, 1791572177359141453, 
-1.4372631311416626, -0.1728356033563614, -0.8696430241133741, 1791572177407845726, 
-1.4334040880203247, -0.17731329798698425, -0.8540031299025695, 1791572177471644041, 
-1.4303569793701172, -0.18081223964691162, -0.8428498724440885, 1791572177519850105, 
-1.4273420572280884, -0.18421101570129395, -0.8314400590093659, 1791572177567633469, 
-1.424136996269226, -0.18736045062541962, -0.8193362861542163, 1791572177615798842, 
-1.4210354089736938, -0.19068478047847748, -0.8057937020259963, 1791572177664619602, 
-1.417963981628418, -0.19370535016059875, -0.7946859547593781, 1791572177711945569, 
-1.414535641670227, -0.19691215455532074, -0.7834671765887127, 1791572177760055124, 
-1.4113837480545044, -0.1998850256204605, -0.7723094606520078, 1791572177808000573, 
-1.4070415496826172, -0.2039823979139328, -0.756198375503967, 1791572177871602019, 
-1.4036654233932495, -0.2069656401872635, -0.7435870797828446, 1791572177919591901, 
-1.4001035690307617, -0.21003112196922302, -0.730907661640959, 1791572177967597198, 
-1.3966459035873413, -0.213143453001976, -0.7186800449287717, 1791572178015618724, 
-1.3930467367172241, -0.21602165699005127, -0.7073070358572234, 1791572178064598685, 
-1.3895626068115234, -0.21889135241508484, -0.6963422918863433, 1791572178111864917, 
-1.384917974472046, -0.2226838916540146, -0.6801686986737115, 1791572178175653271, 
-1.3825783729553223, -0.22448737919330597, -0.6710235135638973, 1791572178207221371, 
-1.377730131149292, -0.22810058295726776, -0.6537885145610701, 1791572178271601456, 
-1.3741943836212158, -0.23082974553108215, -0.6408371589973458, 1791572178319797123, 
-1.3704314231872559, -0.23348353803157806, -0.6291494170432681, 1791572178367598234, 
-1.36675226688385, -0.2360093593597412, -0.6175045788119198, 1791572178415624553, 
-1.3629299402236938, -0.2386501580476761, -0.6042866374270657, 1791572178464662943, 
-1.3589794635772705, -0.24119457602500916, -0.5926557472723101, 1791572178511916329, 
-1.3550790548324585, -0.24362781643867493, -0.5817559669689211, 1791572178559672569, 
-1.3512885570526123, -0.24596193432807922, -0.5700100602327857, 1791572178607522437, 
-1.346143126487732, -0.24926476180553436, -0.5537397039630271, 1791572178671278365, 
-1.3422363996505737, -0.25141552090644836, -0.542032061244342, 1791572178719657900, 
-1.3384244441986084, -0.2537027895450592, -0.5293223771080351, 1791572178767119964, 
-1.3344086408615112, -0.25602662563323975, -0.5171125415721084, 1791572178815505770, 
-1.330183506011963, -0.25818952918052673, -0.5044652537690447, 1791572178864684393, 
-1.3262330293655396, -0.26026251912117004, -0.49213963965835933, 1791572178911238376, 
-1.3210140466690063, -0.26307836174964905, -0.47640974003021974, 1791572178975652281, 
-1.318300485610962, -0.2643573582172394, -0.4688243096629504, 1791572179007866410, 
-1.3126636743545532, -0.2670600116252899, -0.45255419094804145, 1791572179071670791, 
-1.3084959983825684, -0.26905885338783264, -0.4406698558136482, 1791572179119905947, 
-1.3042348623275757, -0.2709278166294098, -0.4285295264962086, 1791572179167608100, 
-1.3001723289489746, -0.272660493850708, -0.4157979693397635, 1791572179215722278, 
-1.2960762977600098, -0.2744120955467224, -0.4027345335953195, 1791572179263604141, 
-1.2918000221252441, -0.27619051933288574, -0.39120497534579657, 1791572179311853114, 
-1.2877100706100464, -0.27767282724380493, -0.3792617707605239, 1791572179359130323, 
-1.2834010124206543, -0.27929937839508057, -0.36639949262290933, 1791572179407325450, 
-1.2776448726654053, -0.2813587784767151, -0.35069377810750224, 1791572179471216725, 
-1.2733577489852905, -0.2826838493347168, -0.3383112988537153, 1791572179519736327, 
-1.2691974639892578, -0.2840299606323242, -0.3265616088656005, 1791572179567662067, 
-1.2649332284927368, -0.2853619456291199, -0.31543997544582825, 1791572179615606617, 
-1.2603060007095337, -0.28668394684791565, -0.3038733755521195, 1791572179664822382, 
-1.2560025453567505, -0.2878875136375427, -0.29239405944685115, 1791572179711746642, 
-1.2517693042755127, -0.28916648030281067, -0.28007510771468414, 1791572179759138927, 
-1.2474770545959473, -0.2903080880641937, -0.26739704551358845, 1791572179807113409, 
-1.2415682077407837, -0.29184490442276, -0.25098573555832615, 1791572179871749593, 
-1.23701810836792, -0.2930774390697479, -0.23898384490112903, 1791572179919922307, 
-1.232588768005371, -0.2940455675125122, -0.2269673862932958, 1791572179967674562, 
-1.2281317710876465, -0.29503965377807617, -0.21480991029858443, 1791572180015557807, 
-1.2233775854110718, -0.29617318511009216, -0.20136514369783354, 1791572180065054993, 
-1.2189937829971313, -0.29704833030700684, -0.189872575773876, 1791572180111120735, 
-1.2144713401794434, -0.297742635011673, -0.1781856739907796, 1791572180160084971, 
-1.2082443237304688, -0.29882290959358215, -0.16111837574177548, 1791572180224712953, 
-1.2038887739181519, -0.29944339394569397, -0.14951585658793076, 1791572180271953190, 
-1.1994155645370483, -0.30005839467048645, -0.13690774551961069, 1791572180319708005, 
-1.1949422359466553, -0.3006862699985504, -0.12498911194174113, 1791572180367540164, 
-1.1902546882629395, -0.3011980652809143, -0.11351178814518256, 1791572180415724905, 
-1.1855720281600952, -0.30154886841773987, -0.10110435210024826, 1791572180464631248, 
-1.1812814474105835, -0.3019524812698364, -0.08917136590558673, 1791572180511712125, 
-1.1752207279205322, -0.30236250162124634, -0.07299066074724174, 1791572180575138280, 
-1.1721168756484985, -0.3025166392326355, -0.06483191486614383, 1791572180607712283, 
-1.166023850440979, -0.30276036262512207, -0.04884386918317374, 1791572180671668032, 
-1.1614857912063599, -0.3029665946960449, -0.037893913258912455, 1791572180719621050, 
-1.1570675373077393, -0.3028715252876282, -0.02597547043683648, 1791572180767499404, 
-1.1525111198425293, -0.30289605259895325, -0.013110024104841444, 1791572180815685919, 
-1.14768648147583, -0.30289483070373535, -0.001280050346488406, 1791572180864619695, 
-1.1434352397918701, -0.3027028739452362, 0.00966542614622049, 1791572180911721574, 
-1.1386760473251343, -0.30253472924232483, 0.021690454592124733, 1791572180959454894, 
-1.134053349494934, -0.3024176359176636, 0.03394483781256706, 1791572181007438838, 
-1.127946138381958, -0.30191755294799805, 0.0505010566568319, 1791572181071788265, 
-1.1234511137008667, -0.3015107214450836, 0.06308638925279778, 1791572181119810574, 
-1.118999719619751, -0.301215261220932, 0.0756345065036191, 1791572181167694768, 
-1.1142593622207642, -0.3007079064846039, 0.08690634867667417, 1791572181215962331, 
-1.1094962358474731, -0.30019307136535645, 0.0985737588429946, 1791572181265796201, 
-1.1052409410476685, -0.29975825548171997, 0.10977363126225392, 1791572181311698546, 
-1.1007606983184814, -0.29921919107437134, 0.12212463482393153, 1791572181359849850, 
-1.0962066650390625, -0.29847654700279236, 0.13450042638450954, 1791572181407277437, 
-1.0900473594665527, -0.29761815071105957, 0.15129795229592244, 1791572181471627135, 
-1.0854569673538208, -0.2969123125076294, 0.16297819991999496, 1791572181519618954, 
-1.0811200141906738, -0.29613158106803894, 0.17408002462323, 1791572181567613527, 
-1.0766323804855347, -0.29525378346443176, 0.18620918331823016, 1791572181615625568, 
-1.0721538066864014, -0.29443857073783875, 0.19830091003099548, 1791572181664903058, 
-1.0676493644714355, -0.2934107482433319, 0.2105219834409986, 1791572181712064396, 
-1.0630650520324707, -0.29236260056495667, 0.22219287604396729, 1791572181759194974, 
-1.0586657524108887, -0.2914169430732727, 0.23505543952542166, 1791572181807463889, 
-1.0528764724731445, -0.2897723913192749, 0.2507997202779591, 1791572181871651096, 
-1.0486018657684326, -0.28872448205947876, 0.2634322859293697, 1791572181919619053, 
-1.043986439704895, -0.28753992915153503, 0.2756935074984486, 1791572181967618541, 
-1.039496660232544, -0.2861356735229492, 0.2870364372668305, 1791572182015708812, 
-1.0351492166519165, -0.2845996618270874, 0.2997060150787937, 1791572182064620286, 
-1.0309560298919678, -0.2833647131919861, 0.31245422348240576, 1791572182111728617, 
-1.0251466035842896, -0.281320184469223, 0.32787890461414587, 1791572182176053558, 
-1.022301435470581, -0.2803046405315399, 0.3355994221368512, 1791572182207399880, 
-1.0165702104568481, -0.2783845365047455, 0.35194549002923176, 1791572182271634283, 
-1.012319564819336, -0.27676936984062195, 0.36423376771081345, 1791572182319642053, 
-1.0080701112747192, -0.2750370502471924, 0.37689759636632425, 1791572182367621910, 
-1.003786563873291, -0.27328673005104065, 0.38931113036110204, 1791572182415693478, 
-0.9995120167732239, -0.2716004252433777, 0.4009682425062208, 1791572182466067700, 
-0.9954524040222168, -0.26981526613235474, 0.4120496665708659, 1791572182511824015, 
-0.9910156726837158, -0.2679988145828247, 0.42485365326518143, 1791572182559683797, 
-0.9868150353431702, -0.26609906554222107, 0.4365900253337557, 1791572182607463656, 
-0.9813908934593201, -0.2633332908153534, 0.45153469141551633, 1791572182671946875, 
-0.9773640036582947, -0.2613910138607025, 0.4637216121569644, 1791572182719751812, 
-0.9733589291572571, -0.259395033121109, 0.4753789097171096, 1791572182767862746, 
-0.9691956639289856, -0.25725752115249634, 0.48676993514182854, 1791572182815753759, 
-0.9649640917778015, -0.2548576295375824, 0.4987216142218424, 1791572182865550081, 
-0.9610805511474609, -0.2528083026409149, 0.5114672264014668, 1791572182911141327, 
-0.9572328329086304, -0.2505139410495758, 0.5250615024087412, 1791572182959189354, 
-0.9534705877304077, -0.2482709437608719, 0.5374805542515543, 1791572183007784025, 
-0.9482990503311157, -0.2452068328857422, 0.5532235840931292, 1791572183071760051, 
-0.9445638656616211, -0.24278299510478973, 0.564401965343805, 1791572183119995520, 
-0.9405650496482849, -0.2402578741312027, 0.576606329609246, 1791572183167638557, 
-0.9367427825927734, -0.23782415688037872, 0.5884434831507056, 1791572183215639726, 
-0.9328435659408569, -0.23513224720954895, 0.6012424332498646, 1791572183265643547, 
-0.9294449090957642, -0.23252330720424652, 0.612281896741634, 1791572183311639035, 
-0.9258112907409668, -0.22990860044956207, 0.6238566134646316, 1791572183359595073, 
-0.9221468567848206, -0.2271965891122818, 0.6360494747855824, 1791572183407772293, 
-0.9175185561180115, -0.22347792983055115, 0.6524630470988756, 1791572183471939748, 
-0.9138391017913818, -0.22070308029651642, 0.6649848427165783, 1791572183519634333, 
-0.9102960824966431, -0.21783187985420227, 0.6762663228734505, 1791572183567570460, 
-0.9067152738571167, -0.21477344632148743, 0.6875540791047119, 1791572183615641211, 
-0.9031620025634766, -0.2118133306503296, 0.7000479041281061, 1791572183665640007, 
-0.8998156189918518, -0.2090262770652771, 0.7128523807698689, 1791572183711650048, 
-0.8965449929237366, -0.2061292678117752, 0.7247929039882776, 1791572183759277811, 
-0.8931744694709778, -0.20304326713085175, 0.7365360996876043, 1791572183807786824, 
-0.8885788321495056, -0.1988358050584793, 0.7519705197928086, 1791572183871382883, 
-0.8852599263191223, -0.19573062658309937, 0.7638760362394623, 1791572183919703055, 
-0.881994903087616, -0.19242578744888306, 0.7765091775423396, 1791572183967635721, 
-0.8787705302238464, -0.1892762929201126, 0.78924261896715, 1791572184015663338, 
-0.8754309415817261, -0.18576140701770782, 0.8020545400646772, 1791572184065633974, 
-0.872330904006958, -0.1824476271867752, 0.8133019869415482, 1791572184111640777, 
-0.8693010210990906, -0.1792195439338684, 0.8252209310933096, 1791572184159265015, 
-0.8663793802261353, -0.17599953711032867, 0.8367917663101964, 1791572184207583962, 
-0.8624180555343628, -0.1714363992214203, 0.853522988757444, 1791572184271673116, 
-0.8592271208763123, -0.16792747378349304, 0.8660789695073836, 1791572184319661028, 
-0.8562740087509155, -0.16441524028778076, 0.8773397162440592, 1791572184367639427, 
-0.8534842133522034, -0.16083075106143951, 0.8888719251785722, 1791572184415682428, 
-0.850597620010376, -0.1571468561887741, 0.9010989740168327, 1791572184465665182, 
-0.8479915261268616, -0.15377284586429596, 0.9120259126120972, 1791572184511644503, 
-0.8452802896499634, -0.15013429522514343, 0.9240917105052436, 1791572184560080434, 
-0.8427219986915588, -0.14649878442287445, 0.9364636020723198, 1791572184607571344, 
-0.8390578031539917, -0.14157018065452576, 0.9526978625493349, 1791572184671722098, 
-0.8363917469978333, -0.13756155967712402, 0.9647539034997928, 1791572184719647808, 
-0.8339139819145203, -0.13395747542381287, 0.9774350762213343, 1791572184767653644, 
-0.831138014793396, -0.13018028438091278, 0.990792179976402, 1791572184815651424, 
-0.8285128474235535, -0.12604635953903198, 1.0028923304100037, 1791572184865665100, 
-0.8260257840156555, -0.12215492874383926, 1.0142580349589483, 1791572184911662494, 
-0.8227258324623108, -0.11685536056756973, 1.0298280880890633, 1791572184975693214, 
-0.8204278349876404, -0.11294160038232803, 1.0430606618218632, 1791572185025532461, 
-0.8183606266975403, -0.10932574421167374, 1.0549244736088614, 1791572185071668276, 
-0.8161490559577942, -0.1054108738899231, 1.0669544896597716, 1791572185119851539, 
-0.8138696551322937, -0.10129974782466888, 1.0787096836061318, 1791572185167634187, 
-0.8118623495101929, -0.09718462824821472, 1.0912504663499922, 1791572185215668757, 
-0.8097108602523804, -0.0930277481675148, 1.1043940764053088, 1791572185264652961, 
-0.8076531291007996, -0.08903210610151291, 1.1159201713819393, 1791572185311654154, 
-0.8051754236221313, -0.0835304781794548, 1.1305724422311003, 1791572185375132512, 
-0.803891122341156, -0.0808534100651741, 1.1382508778836655, 1791572185407527084, 
-0.8013150095939636, -0.07528331875801086, 1.154330214331757, 1791572185471673125, 
-0.7996456027030945, -0.07092322409152985, 1.1661712335660812, 1791572185519660425, 
-0.7979876399040222, -0.06694835424423218, 1.1790020093394837, 1791572185567641552, 
-0.7961294651031494, -0.06274958699941635, 1.1918707263306094, 1791572185615657554, 
-0.7945941090583801, -0.058419227600097656, 1.2033187854046719, 1791572185664663004, 
-0.7931116819381714, -0.05422003194689751, 1.2154351949550495, 1791572185711649344, 
-0.7915326356887817, -0.05002603679895401, 1.2277459794851744, 1791572185759443585, 
-0.7901405096054077, -0.04561500996351242, 1.2400243210308557, 1791572185808236467, 
-0.7883212566375732, -0.03963587060570717, 1.2574458418784287, 1791572185871241267, 
-0.7867820262908936, -0.035363104194402695, 1.2693529018429135, 1791572185919662148, 
-0.7855092883110046, -0.03103957511484623, 1.2803607816614921, 1791572185967772639, 
-0.7843806147575378, -0.026535814628005028, 1.2917886696466978, 1791572186015659569, 
-0.7829415202140808, -0.022052060812711716, 1.304730979963518, 1791572186064659081, 
-0.7817320823669434, -0.01765552908182144, 1.3164579900455906, 1791572186111669926, 
-0.7804068326950073, -0.011782130226492882, 1.333284842441821, 1791572186175667814, 
-0.7796226143836975, -0.009015318937599659, 1.341446482689702, 1791572186207578213, 
-0.7782230973243713, -0.002807673765346408, 1.356240986487664, 1791572186271672292, 
-0.7773669958114624, 0.0015791216865181923, 1.3677401418445827, 1791572186319664392, 
-0.7765047550201416, 0.006065565161406994, 1.380742637025866, 1791572186367650287, 
-0.7756564617156982, 0.010679404251277447, 1.3925131533535577, 1791572186415678843, 
-0.7749015688896179, 0.015390449203550816, 1.4045302895105796, 1791572186465666091, 
-0.7741803526878357, 0.0197596475481987, 1.4166939532602607, 1791572186511658845, 
-0.7734513282775879, 0.024119418114423752, 1.4283963832622966, 1791572186559796786, 
-0.7729748487472534, 0.02854028530418873, 1.4402056509029366, 1791572186608090726, 
-0.7723084688186646, 0.03467691317200661, 1.4575407878028315, 1791572186671939808, 
-0.771855890750885, 0.0392569974064827, 1.469085791351322, 1791572186719948816, 
-0.7714002132415771, 0.043796390295028687, 1.4806140025904713, 1791572186767650903, 
-0.7710638642311096, 0.04842565581202507, 1.4926182608662106, 1791572186815667428, 
-0.7706924676895142, 0.05311638489365578, 1.5050097892448508, 1791572186865796767, 
-0.7703672647476196, 0.057657014578580856, 1.516876529384225, 1791572186911648758, 
-0.770332396030426, 0.0637119859457016, 1.533038813991543, 1791572186975923271, 
-0.7702289819717407, 0.06847137212753296, 1.5456322481280145, 1791572187024666539, 
-0.7703080177307129, 0.07311686128377914, 1.5576844270139412, 1791572187071679591, 
-0.7704365849494934, 0.07726430892944336, 1.569948156344806, 1791572187119647064, 
-0.7703668475151062, 0.08176211267709732, 1.581506003997593, 1791572187167787899, 
-0.7704616189002991, 0.0864875316619873, 1.5931096260485114, 1791572187215671856, 
-0.7706777453422546, 0.09111686050891876, 1.6047986571422268, 1791572187264660731, 
-0.7708073258399963, 0.09560377150774002, 1.6167312772269022, 1791572187311990063, 
-0.7709277272224426, 0.10016338527202606, 1.6284418755844678, 1791572187360002069, 
-0.7712911367416382, 0.10470481216907501, 1.6407266179659974, 1791572187407417712, 
-0.7718580961227417, 0.11084125190973282, 1.657476076309186, 1791572187471773209, 
-0.7723512649536133, 0.11533372104167938, 1.6694462652277708, 1791572187519673879, 
-0.7730053067207336, 0.11982476711273193, 1.6810441135345255, 1791572187567796004, 
-0.7736261487007141, 0.12441640347242355, 1.6928393642532895, 1791572187615891764, 
-0.774138867855072, 0.1291879415512085, 1.705142078494139, 1791572187665883885, 
-0.7749066948890686, 0.13347798585891724, 1.7167207100976993, 1791572187711694470, 
-0.775996208190918, 0.13946279883384705, 1.7339268165587536, 1791572187775179916, 
-0.776524543762207, 0.14258109033107758, 1.7423788361646795, 1791572187807600730, 
-0.7778078317642212, 0.14855322241783142, 1.757905257301173, 1791572187871875321, 
-0.7788287997245789, 0.15296635031700134, 1.7705651600273467, 1791572187919885926, 
-0.7797024250030518, 0.1573924720287323, 1.7823001579814397, 1791572187967659457, 
-0.7806998491287231, 0.16168564558029175, 1.7928351676218441, 1791572188015735909, 
-0.781918466091156, 0.16629280149936676, 1.8051335949149907, 1791572188064183386, 
-0.7829710841178894, 0.17063118517398834, 1.8172525929738055, 1791572188111671687, 
-0.7845189571380615, 0.17665155231952667, 1.8322931834341691, 1791572188175316329, 
-0.7852962613105774, 0.17934349179267883, 1.8403523263414316, 1791572188207953035, 
-0.7868551015853882, 0.18467192351818085, 1.8584172673610015, 1791572188271731818, 
-0.7885427474975586, 0.19023151695728302, 1.8697288225717765, 1791572188319680390, 
-0.7902003526687622, 0.1948746293783188, 1.8817418705409483, 1791572188367672549, 
-0.7915219664573669, 0.1990329921245575, 1.8945204490908736, 1791572188415671439, 
-0.7927681803703308, 0.20308353006839752, 1.906140768592472, 1791572188464660304, 
-0.7942982912063599, 0.20699717104434967, 1.9179767663422862, 1791572188511933781, 
-0.7964540719985962, 0.21267211437225342, 1.9342209969132302, 1791572188575101190, 
-0.7975874543190002, 0.21564693748950958, 1.9422164428079989, 1791572188607467793, 
-0.7998673319816589, 0.22130264341831207, 1.957965645880078, 1791572188671911148, 
-0.8016951084136963, 0.22550739347934723, 1.970816050829514, 1791572188719669214, 
-0.8035800457000732, 0.22971495985984802, 1.9838533603880095, 1791572188767652024, 
-0.8054316639900208, 0.23397296667099, 1.9956259837266865, 1791572188815800041, 
-0.8074452877044678, 0.23821167647838593, 2.007882708417191, 1791572188865676836, 
-0.8091855645179749, 0.24214790761470795, 2.0192359729265656, 1791572188911660745, 
-0.8113142251968384, 0.24635756015777588, 2.0308540502698174, 1791572188959428250, 
-0.8133969306945801, 0.2504710555076599, 2.042373086685058, 1791572189007829255, 
-0.8162825107574463, 0.25589022040367126, 2.0584897357800824, 1791572189072792524, 
-0.818442165851593, 0.25985023379325867, 2.070466446635861, 1791572189119698835, 
-0.8206697106361389, 0.2638106346130371, 2.081203919552317, 1791572189167669624, 
-0.8229233622550964, 0.2677653133869171, 2.092956512319403, 1791572189215664527, 
-0.8252356648445129, 0.27177295088768005, 2.1058224385860744, 1791572189264773671, 
-0.8275812864303589, 0.2754003703594208, 2.118461978868412, 1791572189311773250, 
-0.8309204578399658, 0.2806679904460907, 2.1365345797512907, 1791572189375222912, 
-0.8324641585350037, 0.28324025869369507, 2.144668300784707, 1791572189407707099, 
-0.8359759449958801, 0.2881263792514801, 2.158760935882318, 1791572189471698707, 
-0.8385671973228455, 0.2918946146965027, 2.1710060584816935, 1791572189519689802, 
-0.8412264585494995, 0.29563525319099426, 2.183799877169548, 1791572189567947431, 
-0.8442335724830627, 0.2994168698787689, 2.1952092091097453, 1791572189615687508, 
-0.8469704389572144, 0.3031037747859955, 2.2076705294213106, 1791572189664702898, 
-0.8496865630149841, 0.3068022131919861, 2.2205485750012164, 1791572189713683809, 
-0.8532382249832153, 0.31139054894447327, 2.2359574524569332, 1791572189775795716, 
-0.8550975918769836, 0.313689649105072, 2.24397206032807, 1791572189807434501, 
-0.8590177893638611, 0.3184753954410553, 2.260290224509468, 1791572189871723841, 
-0.8622345328330994, 0.3220004737377167, 2.271833604208465, 1791572189919670921, 
-0.8652572631835938, 0.32541733980178833, 2.284761927977896, 1791572189967670044, 
-0.8683243989944458, 0.3288730978965759, 2.2973299544789545, 1791572190015822886, 
-0.8713734149932861, 0.33219030499458313, 2.3093648776135582, 1791572190064908823, 
-0.874526858329773, 0.33535701036453247, 2.3208404715919997, 1791572190112753266, 
-0.8777951598167419, 0.338813841342926, 2.332450156693824, 1791572190159967812, 
-0.880836009979248, 0.3420189321041107, 2.3441381596231414, 1791572190207765999, 
-0.8853622078895569, 0.34610840678215027, 2.3605657356450505, 1791572190271713485, 
-0.8886446356773376, 0.3494444191455841, 2.3731006937580714, 1791572190319870397, 
-0.891975462436676, 0.3526580035686493, 2.384587325569466, 1791572190367692993, 
-0.8953283429145813, 0.35569295287132263, 2.3967056076581645, 1791572190415673110, 
-0.898872971534729, 0.35878559947013855, 2.409440623970256, 1791572190464746901, 
-0.9024330377578735, 0.36186838150024414, 2.422012309632458, 1791572190512841388, 
-0.9058147072792053, 0.36474609375, 2.4337424899656934, 1791572190559802607, 
-0.9092071652412415, 0.3675636351108551, 2.4461612133466155, 1791572190607769995, 
-0.9126688241958618, 0.3704952001571655, 2.458292981892281, 1791572190655868272, 
-0.9178087711334229, 0.3743847906589508, 2.4741813250762736, 1791572190719694468, 
-0.9215031862258911, 0.3771522045135498, 2.4857701607912595, 1791572190767980351, 
-0.9250619411468506, 0.3798862397670746, 2.497228325745923, 1791572190815697951, 
-0.9288058876991272, 0.3825530707836151, 2.509753433692218, 1791572190864688851, 
-0.9326974153518677, 0.3851919174194336, 2.522696842423819, 1791572190913899872, 
-0.9363283514976501, 0.3877454400062561, 2.534518246021274, 1791572190959804283, 
-0.9400430917739868, 0.3903670608997345, 2.5460802839277266, 1791572191007825573, 
-0.9453967809677124, 0.39371737837791443, 2.5625269794046437, 1791572191073878696, 
-0.9490979909896851, 0.3961884379386902, 2.5743446744416434, 1791572191119730001, 
-0.9529328346252441, 0.39854565262794495, 2.585517869662084, 1791572191167694393, 
-0.9568575620651245, 0.4007314145565033, 2.597030249266959, 1791572191215816247, 
-0.961057722568512, 0.40319642424583435, 2.609735029973125, 1791572191264707219, 
-0.9651804566383362, 0.40545791387557983, 2.6217567534773645, 1791572191313799817, 
-0.9690728783607483, 0.40746158361434937, 2.6328598091365896, 1791572191359709961, 
-0.972990095615387, 0.40951377153396606, 2.6449622777442907, 1791572191407827669, 
-0.9785511493682861, 0.41243672370910645, 2.662185232303036, 1791572191473973374, 
-0.9829623699188232, 0.4145681858062744, 2.6730275130101786, 1791572191519889556, 
-0.9872165322303772, 0.4166383445262909, 2.684920008360248, 1791572191567672385, 
-0.9909117221832275, 0.4185488224029541, 2.697490250604025, 1791572191615697170, 
-0.995008111000061, 0.4201641082763672, 2.710604277273588, 1791572191665849125, 
-0.9994661808013916, 0.42212677001953125, 2.7237915439950022, 1791572191713700055, 
-1.0033916234970093, 0.4238724708557129, 2.7349729728129155, 1791572191759811022, 
-1.0076886415481567, 0.4256361722946167, 2.74550654436582, 1791572191807807996, 
-1.0135796070098877, 0.427839994430542, 2.7630386310630644, 1791572191873750703, 
-1.0177234411239624, 0.4295373857021332, 2.775995746978086, 1791572191919705453, 
-1.0219639539718628, 0.43125471472740173, 2.7881009698940584, 1791572191967973673, 
-1.0260792970657349, 0.4326831102371216, 2.8000022134817324, 1791572192015690209, 
-1.0305849313735962, 0.4341854751110077, 2.812109002400765, 1791572192064708946, 
-1.034955382347107, 0.43572261929512024, 2.8237505169047714, 1791572192114017097, 
-1.0392897129058838, 0.43698275089263916, 2.836349728950599, 1791572192159797129, 
-1.0436522960662842, 0.43818432092666626, 2.849189042396412, 1791572192207361400, 
-1.049848198890686, 0.4400809407234192, 2.866019464102262, 1791572192273752543, 
-1.0542789697647095, 0.44115278124809265, 2.8772759613621943, 1791572192319708339, 
-1.058630108833313, 0.44223901629447937, 2.888480688071545, 1791572192367694675, 
-1.062912106513977, 0.4434715807437897, 2.9013679121840568, 1791572192415768942, 
-1.0676465034484863, 0.4444688856601715, 2.914060111078631, 1791572192464701292, 
-1.0722330808639526, 0.44536104798316956, 2.926427840620584, 1791572192513814262, 
-1.0764617919921875, 0.4463668465614319, 2.938405514977309, 1791572192559999692, 
-1.081031084060669, 0.44730648398399353, 2.950325733290246, 1791572192607859764, 
-1.08729088306427, 0.4483892321586609, 2.9658121698033444, 1791572192673787800, 
-1.0915462970733643, 0.44925937056541443, 2.9775054268596537, 1791572192719772317, 
-1.095873236656189, 0.4497755765914917, 2.989772556017979, 1791572192767682051, 
-1.100353479385376, 0.45034119486808777, 3.002269980065442, 1791572192815700248, 
-1.1051355600357056, 0.4509987533092499, 3.0148126976021836, 1791572192864938427, 
-1.109653115272522, 0.4515325427055359, 3.0263075723610333, 1791572192913807364, 
-1.1139308214187622, 0.451822429895401, 3.037392379086711, 1791572192959793262, 
-1.1184319257736206, 0.45221638679504395, 3.0499257918842564, 1791572193008033358, 
-1.1249171495437622, 0.45269352197647095, 3.0655541352843483, 1791572193073733697, 
-1.1294090747833252, 0.45291975140571594, 3.0766811253163744, 1791572193119777992, 
-1.1338765621185303, 0.4532451629638672, 3.0887241397114367, 1791572193167262461, 
-1.1381856203079224, 0.45353734493255615, 3.1013159777402444, 1791572193215694835, 
-1.1429882049560547, 0.4536377489566803, 3.1139428645509972, 1791572193264719982, 
-1.1475549936294556, 0.4536140561103821, 3.1262340550244554, 1791572193313991652, 
-1.152195930480957, 0.45366278290748596, 3.1383402351580227, 1791572193359796700, 
-1.156806468963623, 0.45354706048965454, -3.132837295286276, 1791572193407926757, 
-1.1630868911743164, 0.45336517691612244, -3.115148551397578, 1791572193473284924, 
-1.167502522468567, 0.4533212184906006, -3.104327439647404, 1791572193519750509, 
-1.171998381614685, 0.45300352573394775, -3.093438144211887, 1791572193567599854, 
-1.1765832901000977, 0.45268961787223816, -3.081860304673106, 1791572193615793978, 
-1.18137788772583, 0.452401727437973, -3.0696046285118417, 1791572193664834691, 
-1.186036229133606, 0.4521278142929077, -3.05734467803533, 1791572193713979101, 
-1.190426230430603, 0.45165687799453735, -3.044978596102654, 1791572193760993158, 
-1.194916009902954, 0.45119068026542664, -3.0330858296174514, 1791572193807242876, 
-1.2013026475906372, 0.45041489601135254, -3.0168864445351926, 1791572193873995481, 
-1.2057347297668457, 0.4496750831604004, -3.0059318534053885, 1791572193919755742, 
-1.21013605594635, 0.44910454750061035, -2.994252648361015, 1791572193967699441, 
-1.2147146463394165, 0.44845789670944214, -2.981201920513573, 1791572194016709343, 
-1.219351053237915, 0.44747835397720337, -2.969231132659254, 1791572194064757833, 
-1.2238154411315918, 0.44662952423095703, -2.9566283508023328, 1791572194113727800, 
-1.2282757759094238, 0.4458739459514618, -2.9445378740929162, 1791572194159736449, 
-1.2328641414642334, 0.44479185342788696, -2.9334285351262332, 1791572194207837205, 
-1.2389681339263916, 0.4434557259082794, -2.9175512454428483, 1791572194273367757, 
-1.2431811094284058, 0.4425269365310669, -2.905693983846386, 1791572194319738032, 
-1.2474960088729858, 0.44132688641548157, -2.8933958692276267, 1791572194367811830, 
-1.252042531967163, 0.44016993045806885, -2.880708014283206, 1791572194415772500, 
-1.2567278146743774, 0.4388848841190338, -2.8675577979254663, 1791572194465721844, 
-1.2611207962036133, 0.43744197487831116, -2.855651855959463, 1791572194514016125, 
-1.2653069496154785, 0.4360761046409607, -2.843192602482899, 1791572194559797498, 
-1.269682765007019, 0.4347963333129883, -2.8303328334736992, 1791572194607114033, 
-1.2739776372909546, 0.4334023594856262, -2.8199424701113616, 1791572194655764265, 
-1.2797882556915283, 0.43126848340034485, -2.80462097411322, 1791572194719728329, 
-1.2839750051498413, 0.4299287497997284, -2.791735211475248, 1791572194767712631, 
-1.288408875465393, 0.42821842432022095, -2.779357964778787, 1791572194815802627, 
-1.2927205562591553, 0.42637377977371216, -2.767608734955069, 1791572194864711655, 
-1.2970919609069824, 0.42472779750823975, -2.755419732807725, 1791572194913729751, 
-1.3011608123779297, 0.4229223430156708, -2.7441364103468375, 1791572194960805030, 
-1.3052729368209839, 0.42104125022888184, -2.732380160466791, 1791572195008993439, 
-1.3109594583511353, 0.41861867904663086, -2.7153403562748473, 1791572195073832180, 
-1.315043330192566, 0.41673263907432556, -2.7036290648434265, 1791572195120931946, 
-1.3191810846328735, 0.41454342007637024, -2.6919882268961803, 1791572195168787833, 
-1.3233129978179932, 0.4125068187713623, -2.680055062141796, 1791572195216723285, 
-1.3274405002593994, 0.4103808104991913, -2.668388496551711, 1791572195264936799, 
-1.3313515186309814, 0.40833359956741333, -2.6559143785522505, 1791572195313787589, 
-1.3353369235992432, 0.4060501456260681, -2.6432013980670535, 1791572195360735626, 
-1.3393698930740356, 0.40374529361724854, -2.631038680769908, 1791572195409001120, 
-1.3447694778442383, 0.40056854486465454, -2.615530977062431, 1791572195473753168, 
-1.3484643697738647, 0.39832067489624023, -2.604577046026363, 1791572195520713521, 
-1.3523975610733032, 0.39602822065353394, -2.591440708105498, 1791572195568774008, 
-1.3561819791793823, 0.3936555087566376, -2.578704351097381, 1791572195616712389, 
-1.359950065612793, 0.3911118507385254, -2.5656094223048904, 1791572195664749783, 
-1.3639849424362183, 0.3885852098464966, -2.552954219170285, 1791572195713884535, 
-1.3677830696105957, 0.3860592842102051, -2.5415588392281916, 1791572195760763120, 
-1.3714500665664673, 0.38344433903694153, -2.5302430410993817, 1791572195808171509, 
-1.3763798475265503, 0.3799833059310913, -2.513998734589799, 1791572195873309584, 
-1.3800679445266724, 0.37731045484542847, -2.5025608841128615, 1791572195920766674, 
-1.3838123083114624, 0.3743986487388611, -2.4907564489551333, 1791572195968711459, 
-1.3875538110733032, 0.3715764880180359, -2.478599834613102, 1791572196016772150, 
-1.3911749124526978, 0.3687761127948761, -2.465970496172054, 1791572196064718177, 
-1.3946439027786255, 0.36579641699790955, -2.453025400927671, 1791572196113803053, 
-1.3980005979537964, 0.3629002571105957, -2.440791742223783, 1791572196160785117, 
-1.4016059637069702, 0.3598650097846985, -2.4287818597821555, 1791572196208202884, 
-1.4062756299972534, 0.35553544759750366, -2.4127563353632677, 1791572196273770437, 
-1.4094722270965576, 0.35250937938690186, -2.4000857280112813, 1791572196320773736, 
-1.4129582643508911, 0.34937962889671326, -2.3873717282657494, 1791572196368743071, 
-1.416031002998352, 0.3464001715183258, -2.3760127757512857, 1791572196416742523, 
-1.4192073345184326, 0.34302112460136414, -2.364657799841378, 1791572196464776383, 
-1.4226220846176147, 0.33963990211486816, -2.3522497998419145, 1791572196513816142, 
-1.4257014989852905, 0.33639639616012573, -2.3409528228307925, 1791572196560749396, 
-1.428727626800537, 0.3331318199634552, -2.3283901147932413, 1791572196608854300, 
-1.431931734085083, 0.3299105167388916, -2.316326746757675, 1791572196656180639, 
-1.436098575592041, 0.3253392279148102, -2.301300649936201, 1791572196720777365, 
-1.4391133785247803, 0.3219255805015564, -2.2895181194346526, 1791572196768774811, 
-1.4421417713165283, 0.31857237219810486, -2.2774973048021243, 1791572196816723846, 
-1.445152759552002, 0.3150431215763092, -2.2651840021410323, 1791572196864744628, 
-1.4479888677597046, 0.3113929331302643, -2.252940927884635, 1791572196913902709, 
-1.4508335590362549, 0.3079434633255005, -2.2404086280899125, 1791572196960749829, 
-1.453787088394165, 0.30441048741340637, -2.2291410844975528, 1791572197008880042, 
-1.4575015306472778, 0.2994355857372284, -2.2134803752752985, 1791572197073347883, 
-1.4602842330932617, 0.29560723900794983, -2.2011046815007655, 1791572197120746173, 
-1.4631315469741821, 0.2919825613498688, -2.1885272355265695, 1791572197168726843, 
-1.465575098991394, 0.288360595703125, -2.176234101563328, 1791572197216803799, 
-1.4680949449539185, 0.28462910652160645, -2.1636604715192016, 1791572197264739227, 
-1.4708160161972046, 0.28075551986694336, -2.1509729613379323, 1791572197313831612, 
-1.473393201828003, 0.27694159746170044, -2.1396951136006495, 1791572197360764866, 
-1.4758323431015015, 0.2730637490749359, -2.127126328182173, 1791572197408894111, 
-1.4790823459625244, 0.2677711248397827, -2.1105264619626456, 1791572197473919849, 
-1.4813798666000366, 0.2638428509235382, -2.099593102387472, 1791572197520897173, 
-1.4835928678512573, 0.2598053216934204, -2.0881452452510536, 1791572197568750649, 
-1.4857900142669678, 0.2559857964515686, -2.0763724529559933, 1791572197616729270, 
-1.487934947013855, 0.2518225312232971, -2.0643395334295143, 1791572197664783694, 
-1.489963412284851, 0.2477264702320099, -2.052589469118767, 1791572197713838152, 
-1.492041826248169, 0.2437131404876709, -2.040171584455365, 1791572197760755493, 
-1.4942020177841187, 0.23961931467056274, -2.0284790776409567, 1791572197808883389, 
-1.4961152076721191, 0.23571191728115082, -2.0165342885054245, 1791572197856781452, 
-1.4986484050750732, 0.23002320528030396, -1.999381581354187, 1791572197920732087, 
-1.50053071975708, 0.2258952558040619, -1.9871121935560099, 1791572197968793147, 
-1.502217411994934, 0.22152568399906158, -1.9754371877558994, 1791572198016732575, 
-1.5040174722671509, 0.21706771850585938, -1.9635787907460325, 1791572198064733057, 
-1.5058616399765015, 0.21287555992603302, -1.9509602380585205, 1791572198114799047, 
-1.5073381662368774, 0.20872992277145386, -1.9395792340044804, 1791572198160854489, 
-1.5088489055633545, 0.20446611940860748, -1.9268708872818068, 1791572198208512708, 
-1.510602355003357, 0.20016711950302124, -1.9137744329031292, 1791572198256904807, 
-1.5125751495361328, 0.19419696927070618, -1.8982348990651043, 1791572198320789876, 
-1.5139585733413696, 0.18986792862415314, -1.8865564921057036, 1791572198368745857, 
-1.5155153274536133, 0.1857232302427292, -1.874633305565466, 1791572198416788701, 
-1.5167421102523804, 0.18129326403141022, -1.8632754287585416, 1791572198464737166, 
-1.5180423259735107, 0.17687314748764038, -1.8507498211643463, 1791572198513818664, 
-1.5192583799362183, 0.1725403517484665, -1.8391377293277231, 1791572198560777146, 
-1.5205843448638916, 0.16805532574653625, -1.8269967475885391, 1791572198608812081, 
-1.5220884084701538, 0.1618969440460205, -1.8102760332747878, 1791572198673870480, 
-1.5231245756149292, 0.15767325460910797, -1.798471621504694, 1791572198720790321, 
-1.5241401195526123, 0.15347230434417725, -1.7862960175972233, 1791572198768748125, 
-1.5248371362686157, 0.14915302395820618, -1.7741915062745643, 1791572198816758541, 
-1.5257848501205444, 0.14451968669891357, -1.7615183498350273, 1791572198864793744, 
-1.5266486406326294, 0.13986942172050476, -1.7492982950239815, 1791572198913767666, 
-1.5273164510726929, 0.13542723655700684, -1.7375384058169498, 1791572198960865843, 
